FILO,CLASSE,ORDEM,FAMÍLIA,ESPÉCIES,Sigla,,PrnB,PrnC,PrnD,
,,,,,Query,AAY92870.1,AAY92871.1,AAY92872.1,AAY92873.1,AAY92871.1
Armatimonadetes, Fimbriimonadia, Fimbriimonadales,Fimbriimonadaceae,Fimbriimonas ginsengisoli Gsoil 348,,A,A,WP_025227629.1/AIE85810.1/WP_038473040.1/WP_025226658.1/WP_025225818.1/WP_084178920.1/AIE85064.1/WP_084179154.1/WP_025228545.1/AIE85808.1/WP_025228521.1/AIE85620.1/WP_025228546.1/WP_025227150.1/WP_025226901.1/AIE84464.1,A,
Cyanobacteria,?,?,?,Cyanobacterium endosymbiont of Epithemia turgida isolate EtSB Lake Yunoko,CB,A,A,WP_044107480.1/WP_044106196.1/WP_044105636.1/WP_044106949.1/WP_044105947.1,WP_044106175.1,
,?,Chroococcales,Cyanobacteriaceae,Cyanobacterium aponinum PCC 10605,CB,A,A,WP_015221162.1/WP_015217993.1/WP_015218978.1/WP_015219079.1/WP_015218255.1/WP_015219286.1/WP_015219518.1/WP_015218804.1/WP_015217950.1/WP_015221021.1/WP_015220438.1,WP_015218774.1/WP_015220117.1/WP_015218778.1/WP_015220477.1,
,?,Chroococcales,Microcystaceae,Microcystis aeruginosa NIES-843,CB,A,A,WP_041804082.1/WP_012265711.1/WP_012268093.1/WP_012264677.1/WP_012265829.1/WP_012265394.1/WP_012267812.1/WP_012265591.1/WP_012266740.1,WP_012264385.1/WP_012266035.1,
,?,Chroococcidiopsidales,Chroococcidiopsidaceae,Chroococcidiopsis thermalis PCC 7203,CB,A,A,WP_015155646.1/WP_015157165.1/WP_015153332.1/WP_015153671.1/WP_015157022.1/WP_015157374.1/AFY89998.1/WP_041462595.1/WP_015157105.1/AFY87218.1/WP_015153577.1/WP_015155145.1/WP_015153349.1/WP_015157468.1/WP_015153078.1/WP_041462934.1/WP_015152768.1/WP_015152802.1/WP_015154428.1/WP_015155515.1/WP_015152493.1,WP_015154730.1/WP_015156906.1/WP_015156038.1/WP_015157245.1/WP_015155123.1/WP_015156740.1,
,?,Nostocales,?,Nostocales cyanobacterium HT-58-2,CB,A,A,WP_087539197.1/WP_087543641.1/WP_087543451.1/WP_087538040.1/WP_087541435.1/WP_087539026.1/WP_087546083.1/WP_087540028.1/WP_087541436.1/WP_087540734.1/WP_087541612.1/AUX70556.1/WP_087540648.1/AUX69239.1/WP_087538119.1/WP_087543913.1/AUX70407.1/WP_087538798.1/WP_087542318.1/WP_087540207.1/AUX70772.1/WP_087546142.1,WP_087537580.1/WP_087540004.1/WP_087540007.1/WP_087539646.1/WP_087539311.1/WP_087541223.1/WP_087538429.1,
,?,Nostocales,Nostocaceae,Anabaena cylindrica PCC 7122,CB,A,A,WP_015212666.1/WP_015214681.1/WP_015213001.1/WP_015213978.1/WP_015217623.1/WP_015213841.1/WP_015214072.1/WP_015214379.1/BAY05299.1/WP_015216863.1/WP_015216582.1,WP_015215130.1/WP_015216465.1/WP_015216803.1/BAY02745.1/WP_015213936.1/WP_015212981.1,
,?,Nostocales,Nostocaceae,'Nostoc azollae' 0708 ,CB,A,A,A,WP_013192737.1/WP_013191783.1/WP_013190026.1/WP_013192694.1/WP_013192393.1,
,?,Nostocales,Nostocaceae,Nostoc punctiforme PCC 73102,CB,A,A,WP_012412640.1/WP_012409480.1/ACC79024.1/WP_012409194.1/WP_012410105.1/WP_012408708.1/WP_012407044.1/WP_041565114.1/ACC79008.1/WP_012410567.1/WP_012409770.1/WP_012408866.1/WP_012407896.1,WP_012408380.1/WP_012411011.1/WP_012411013.1/WP_012408536.1/WP_012411005.1/WP_012408594.1/WP_012407373.1/WP_012412708.1/WP_012407172.1,
,?,Nostocales,Rivulariaceae,Calothrix sp. PCC 6303,CB,A,A,AFZ04059.1/WP_041739964.1/WP_015200359.1/WP_015173929.1/WP_015198634.1/WP_015198584.1/WP_015199977.1/WP_015198390.1/WP_015199030.1,WP_015198965.1/WP_015197606.1/WP_015196597.1,
,?,Oscillatoriales,Gomontiellaceae,Crinalium epipsammum PCC 9333,CB,A,A,WP_015203408.1/AFZ13544.1/WP_041226046.1/WP_015203139.1/WP_015205559.1/WP_015201570.1/WP_015204468.1/WP_015203615.1/AFZ15087.1/WP_015201845.1/WP_015203778.1/WP_015204618.1/WP_015204672.1,WP_015203206.1/WP_015203229.1/WP_015203202.1/WP_015201846.1/WP_015204851.1/WP_015201879.1/WP_015202430.1,
,?,Oscillatoriales,Microcoleaceae,Trichodesmium erythraeum IMS101,CB,A,A,WP_011613154.1/WP_011610672.1/AUI81059.1/WP_011612735.1/WP_011610345.1/WP_044136661.1/ABG51266.1/WP_011614184.1/WP_011611397.1/AUI82065.1/WP_011613867.1/AUI82801.1/AUI83779.1/WP_011612146.1/AUI80882.1/AUI83436.1/WP_011613198.1/AUI84245.1,WP_011612995.1/WP_011610415.1/WP_011613664.1/WP_011614200.1,
,?,Oscillatoriales,Oscillatoriaceae,Moorea producens PAL-8-15-08-1,CB,WP_070390697.1,A,WP_070392566.1/WP_070393462.1/WP_070391656.1/WP_070394638.1/WP_070395267.1/WP_070396410.1/WP_070394719.1/WP_070396774.1/WP_070393543.1/WP_070395996.1/WP_070393007.1/WP_070391782.1/WP_070391303.1/WP_070392801.1,WP_070395057.1/WP_070396513.1/WP_070392436.1/WP_070394784.1/WP_070393235.1/WP_070393192.1,
,?,Oscillatoriales,Oscillatoriaceae,Oscillatoria acuminata PCC 6304,CB,A,A,WP_015150485.1/WP_015146569.1/WP_015149269.1/WP_015149796.1/WP_015149428.1/WP_015151619.1/WP_015146866.1/WP_015149712.1/WP_015149455.1/WP_015147049.1/WP_015150919.1,WP_015146468.1/WP_015146465.1/WP_015146463.1/WP_015147798.1/WP_015147922.1,
,?,Oscillatoriales,Oscillatoriaceae,Oscillatoria nigro-viridis PCC 7112,CB,A,A,WP_015178680.1/WP_015174230.1/WP_015179349.1/AFZ05643.1/WP_015177136.1/WP_015175990.1/WP_015174437.1/WP_083888221.1/WP_015178626.1/WP_015179334.1/WP_015176969.1,WP_015175927.1,
,?,Pleurocapsales,Hyellaceae,Pleurocapsa sp. PCC 7327,CB,A,A,WP_015145695.1/WP_015141947.1/WP_015144194.1/WP_015142266.1/WP_015144140.1/WP_015143885.1/WP_015145687.1/WP_015142045.1/WP_015143572.1/WP_015142003.1/WP_015144934.1/WP_015145126.1/WP_015142625.1,WP_015142761.1/WP_015145906.1/WP_015143528.1,
,?,Pleurocapsales,Dermocarpellaceae,Stanieria cyanosphaera PCC 7437,CB,A,A,WP_015193905.1/WP_015192821.1/WP_015195025.1/AFZ35991.1/WP_041619367.1/WP_015192017.1/WP_015191788.1/WP_015194547.1/WP_015193360.1/WP_015193615.1/WP_015192521.1/WP_015193308.1,WP_015194706.1,
,?,Synechococcales,Acaryochloridaceae,Acaryochloris marina MBIC11017,CB,A,A,WP_012166211.1/WP_012165696.1/WP_012161660.1/WP_012162514.1/WP_012162031.1/WP_012165261.1/WP_012164371.1/EEM86341.1/WP_012162046.1/WP_012164830.1/WP_012162839.1/WP_012165621.1/WP_012162381.1/WP_012163748.1/WP_012162865.1/WP_012162197.1/WP_012164784.1/WP_012163706.1,WP_012163340.1/ABW25119.1/WP_041660679.1/WP_012163293.1/WP_012160859.1/ABW32732.1/WP_012166578.1/WP_012163709.1/WP_012164480.1,
,?,Synechococcales,Leptolyngbyaceae,Leptolyngbya boryana dg5,CB,A,A,BAS62724.1/WP_026148749.1/WP_017289851.1/WP_017287830.1/WP_017288156.1/WP_017287710.1/WP_017285762.1/BAS65783.1/WP_017287235.1/WP_017288318.1/WP_017290576.1/WP_017289138.1/WP_017291355.1/WP_017290468.1/WP_036045248.1/BAS65429.1/WP_017286113.1/BAS65437.1/WP_017285590.1/WP_017285861.1/BAS63081.1/WP_017288683.1,WP_086371082.1/WP_017286263.1/WP_017290605.1/WP_017291114.1/BAS60739.1/WP_017287196.1/WP_017285560.1,
,?,Synechococcales,Prochloraceae,Prochlorococcus marinus str. AS9601,CB,A,A,WP_011818028.1/WP_011817833.1/WP_011818152.1/WP_011819178.1/WP_011818916.1/WP_025925152.1/ABM69975.1/WP_011818600.1/WP_011819285.1,WP_011818313.1,
,?,Synechococcales,Prochloraceae,Prochlorococcus marinus str. MIT 9312,CB,A,A,WP_011375906.1/WP_011376204.1/WP_011377200.1/WP_011376940.1/WP_011376189.1/WP_011376625.1,WP_011376372.1,
,?,Synechococcales,Prochloraceae,Prochlorococcus marinus str. MIT 9313,CB,A,A,WP_011130925.1/WP_011130281.1/WP_011130423.1/WP_011129714.1/WP_011131541.1/WP_011129792.1,A,
,?,Synechococcales,Prochloraceae,Prochlorococcus marinus str. MIT 9515,CB,A,A,WP_011820028.1/WP_011819691.1/WP_011819900.1/WP_011820572.1/WP_011821046.1/WP_011820763.1/WP_011819727.1/WP_011820013.1,WP_011820086.1,
,?,Synechococcales,Prochloraceae,Prochlorococcus marinus str. NATL2A,CB,A,A,WP_011294484.1/WP_011294725.1/WP_011293622.1/WP_011294952.1/WP_011294031.1/WP_011293911.1,WP_011293752.1,
,?,Synechococcales,Prochloraceae,Prochlorococcus marinus subsp. marinus str. CCMP1375,CB,A,A,WP_011124960.1/WP_011125869.1/WP_011124737.1/WP_011125523.1/WP_011124206.1,WP_011125042.1,
,?,Synechococcales,Prochloraceae,Prochlorococcus marinus subsp. pastoris str. CCMP1986,CB,A,A,WP_011132282.1/WP_036930317.1/CAE19574.1/WP_011132932.1/WP_011132155.1/WP_011133194.1/WP_011132267.1/WP_011133004.1/WP_011133302.1,WP_011132442.1,
,?,Synechococcales,Prochlorotrichaceae,Halomicronema hongdechloris C2206,CB,A,A,WP_080810724.1/WP_088430596.1/WP_088429453.1/ASC72360.1/WP_088430380.1,WP_088431603.1/WP_080810726.1/WP_080813745.1/WP_080811228.1/ASC73544.1/WP_088428925.1,
,?,Synechococcales,Synechococcaceae,Cyanobium gracile PCC 6307,CB,A,A,WP_015108150.1/WP_015110311.1/WP_015107736.1/AFY27319.1/WP_015108530.1/WP_015108464.1,WP_015110430.1/WP_015110429.1/WP_015110427.1/WP_015108468.1,
,?,Synechococcales,Synechococcaceae,Dactylococcopsis salina PCC 8305,CB,A,A,WP_015229897.1/WP_015228567.1/WP_015228510.1/WP_015228733.1/WP_015228777.1/WP_015231079.1/WP_015228860.1/WP_015230651.1,AFZ49194.1/WP_041235266.1/WP_015229318.1/,
,?,Synechococcales,Synechococcaceae,Synechococcus elongatus PCC 6301,CB,A,A,WP_011243188.1/WP_011243324.1/BAD79276.1/CAB60079.1/WP_011377577.1/WP_011244341.1/WP_011242618.1,WP_011244369.1/WP_011378286.1/BAD80248.1/WP_011244241.1,
,?,Synechococcales,Synechococcaceae,Thermosynechococcus elongatus BP-1,CB,A,A,WP_011058112.1/WP_011057244.1/WP_011056385.1/WP_011058122.1,WP_011057531.1,
,Gloeobacteria,Gloeobacterales,Gloeobacteraceae,Gloeobacter kilaueensis JS1 ,CB,A,A,WP_013612364.1,WP_023174215.1/WP_023174700.1/WP_023174213.1/WP_023171394.1,
,Gloeobacteria,Gloeobacterales,Gloeobacteraceae,Gloeobacter violaceus PCC 7421,CB,A,A,WP_011142868.1/WP_011142130.1/WP_011140695.1/WP_011140397.1/WP_011140958.1/WP_011140883.1/WP_011142821.1/WP_011140721.1/5J60_A/WP_011144185.1,WP_011140031.1/WP_011141920.1/WP_011142679.1/WP_011142694.1/WP_011141921.1/WP_011140959.1/WP_011144277.1,
Aquificae,Aquificae,Aquificales,?,Thermosulfidibacter takaii ABI70S6,AQ,A,A,WP_068550358.1/WP_068550046.1/WP_068549527.1,A,
,Aquificae,Aquificales,Aquificaceae,Aquifex aeolicus VF5,AQ,A,A,WP_010880006.1/WP_010880019.1/WP_010880288.1/WP_010880411.1,A,
,Aquificae,Aquificales,Aquificaceae,Hydrogenobacter thermophilus TK-6,AQ,A,A,WP_012963449.1/WP_012963095.1/WP_012964371.1/WP_012964126.1/WP_012964026.1,A,
,Aquificae,Aquificales,Aquificaceae,Thermocrinis albus DSM 14484,AQ,A,A,WP_012991130.1/WP_012992318.1/WP_012991447.1/WP_012991124.1/WP_012991904.1/WP_012992228.1,A,
,Aquificae,Aquificales,Aquificaceae,Thermocrinis ruber DSM 23557,AQ,A,A,WP_025306157.1/WP_025306720.1/WP_025305397.1,A,
,Aquificae,Aquificales,Hydrogenothermaceae,Persephonella marina EX-H1 ,AQ,A,A,A,A,
,Aquificae,Aquificales,Hydrogenothermaceae,Sulfurihydrogenibium azorense Az-Fu1 ,AQ,A,A,WP_012674332.1,A,
,Aquificae,Desulfurobacteriales,Desulfurobacteriaceae,Desulfurobacterium thermolithotrophum DSM 11699,AQ,A,A,WP_013639049.1/WP_013638982.1,A,
,Aquificae,Desulfurobacteriales,Desulfurobacteriaceae,Thermovibrio ammonificans HB-1,AQ,A,A,WP_013536837.1/WP_013537467.1,A,
Chloroflexi,Anaerolineae,Anaerolineales,Anaerolineaceae,Anaerolinea thermophila UNI-1,CF,A,A,WP_013560072.1/WP_013559354.1,WP_013559763.1,
,Anaerolineae,Anaerolineales,Anaerolineaceae,Brevefilum fermentans CAMBI-1,CF,A,A,SMX54473.1/SMX53404.1/SMX54513.1,A,
,Caldilineae,Caldilineales,Caldilineaceae,Caldilinea aerophila DSM 14535 = NBRC 104270,CF,A,A,WP_014433144.1/WP_014434995.1/WP_014433150.1/WP_014434169.1/WP_014433319.1/WP_014432108.1,A,
,Chloroflexia,Chloroflexales,Chloroflexaceae,Chloroflexus aggregans DSM 9485,CF,A,A,WP_015940849.1/WP_015941686.1/WP_012615616.1/WP_015941826.1,A,
,Chloroflexia,Chloroflexales,Chloroflexaceae,Chloroflexus aurantiacus J-10-fl,CF,A,A,WP_012257221.1/WP_012258284.1,WP_012256599.1,
,Chloroflexia,Chloroflexales,Roseiflexaceae,Roseiflexus castenholzii DSM 13941,CF,A,A,WP_012119765.1/WP_083760301.1/ABU58160.1/WP_012122214.1,A,
,Dehalococcoidia,?,?,Dehalogenimonas formicexedens NSZ-14,CF,A,A,APV44012.1/APV44048.1/APV45133.1/APV45193.1/APV43721.1,A,
,Dehalococcoidia,?,?,Dehalogenimonas lykanthroporepellens BL-DC-9,CF,A,A,WP_013218555.1,A,
,Dehalococcoidia,Dehalococcoidales,Dehalococcoidaceae,Dehalococcoides mccartyi 195,CF,A,A,WP_010936504.1/WP_010936319.1,A,
,Dehalococcoidia,Dehalococcoidales,Dehalococcoidaceae,Dehalococcoides mccartyi CG5,CF,A,A,WP_011309059.1/WP_034376521.1/WP_012984482.1/WP_034376546.1,A,
,Thermomicrobia,Sphaerobacterales,Sphaerobacteraceae,Sphaerobacter thermophilus DSM 20745,CF,A,A,WP_012872630.1/WP_012873172.1/WP_012873544.1/WP_012870887.1/WP_012873808.1,A,
,Thermomicrobia,Thermomicrobiales,Thermomicrobiaceae,Thermomicrobium roseum DSM 5159 ,CF,A,A,WP_012642400.1/WP_012641967.1/WP_015922716.1/WP_012641868.1/WP_015922748.1/WP_012642746.1/WP_012642475.1,WP_012641535.1/WP_012643096.1,
Deinococcus/Thermus,Deinococci,Deinococcales,Deinococcaceae,Deinococcus deserti VCD115 ,DTH,A,A,WP_012695261.1/WP_012693665.1/WP_012694388.1/WP_012692910.1/WP_012694845.1/WP_041227877.1,WP_012694209.1,
,Deinococci,Deinococcales,Deinococcaceae,Deinococcus geothermalis DSM 11300,DTH,A,A,WP_041220655.1/ABF43964.1/WP_011530905.1/WP_011531211.1/WP_011530112.1/WP_011529360.1,A,
,Deinococci,Deinococcales,Deinococcaceae,Deinococcus gobiensis I-0,DTH,A,A,WP_014695574.1/WP_043802177.1/WP_014685463.1/AFD27987.1/,WP_014683712.1,
,Deinococci,Deinococcales,Deinococcaceae,Deinococcus maricopensis DSM 21211,DTH,A,WP_013555387.1,WP_013555512.1/WP_013557991.1/WP_013556621.1/WP_013556608.1/ADV68084.1/WP_013558399.1,A,
,Deinococci,Deinococcales,Deinococcaceae,Deinococcus peraridilitoris DSM 19664,DTH,A,A,WP_015231465.1/WP_015231581.1/WP_015236367.1/WP_015236008.1/WP_015235519.1/WP_015234777.1/WP_015236186.1/WP_015235106.1/WP_015234090.1,A,
,Deinococci,Deinococcales,Deinococcaceae,Deinococcus proteolyticus MRP,DTH,A,A,WP_013623087.1/WP_013615405.1/WP_013615702.1/WP_013614602.1/WP_013615114.1/ADY26029.1/WP_049775067.1,A,
,Deinococci,Deinococcales,Deinococcaceae,Deinococcus puniceus DY1,DTH,A,A,ANE44112.1/ANE44599.1/ANE43963.1/ANE43556.1/ANE42588.1/ANE43082.1/ANE42896.1/ANE44828.1,A,
,Deinococci,Deinococcales,Deinococcaceae,Deinococcus radiodurans R1,DTH,A,A,WP_010889626.1/ANC73139.1/WP_010888316.1/ANC72700.1/WP_010888359.1/WP_010887057.1/ANC72340.1/WP_010888615.1,A,
,Deinococci,Deinococcales,Deinococcaceae,Deinococcus soli Cha et al. 2016 N5,DTH,A,A,AKH16909.1/AKH16371.1/AKH16847.1/AKH18548.1/AKH16493.1,A,
,Deinococci,Deinococcales,Deinococcaceae,Deinococcus swuensis DY59,DTH,A,A,AIZ44948.1/AIZ45721.1/AIZ45300.1/AIZ46000.1,WP_039681762.1,
,Deinococci,Deinococcales,Trueperaceae,Truepera radiovictrix DSM 17093,DTH,A,A,WP_013178670.1/WP_013178048.1/WP_013177606.1/WP_013179220.1/WP_013177353.1/WP_013178717.1,A,
,Deinococci,Thermales,Thermaceae,Marinithermus hydrothermalis DSM 14884,DTH,A,A,WP_013704792.1/AEB10970.1/WP_041657747.1/WP_013704788.1/WP_013703489.1/WP_013702864.1/WP_013704862.1/AEB12751.1/WP_041658481.1/WP_013703509.1/WP_013704038.1,A,
,Deinococci,Thermales,Thermaceae,Meiothermus ruber DSM 1279,DTH,A,A,WP_013013664.1/WP_013015080.1/AGK04965.1/BAW01933.1/WP_043956501.1/WP_013015124.1/WP_013012677.1/WP_013014109.1/WP_013014955.1,WP_013014932.1,
,Deinococci,Thermales,Thermaceae,Meiothermus silvanus DSM 9946,DTH,A,A,WP_041652289.1/WP_013158380.1/WP_013156929.1,A,
,Deinococci,Thermales,Thermaceae,Oceanithermus profundus DSM 14977,DTH,A,A,WP_013457784.1/WP_013456937.1/WP_013457514.1/WP_013458751.1,A,
,Deinococci,Thermales,Thermaceae,Thermus aquaticus Y51MC23,DTH,A,A,WP_003047036.1/WP_003047570.1/WP_003046040.1/WP_003046396.1/WP_003047520.1/WP_003048625.1,WP_003043603.1,
,Deinococci,Thermales,Thermaceae,Thermus brockianus GE-1,DTH,A,A,APD10010.1/APD09114.1/APD08707.1/APD09527.1/APD08391.1/APD10555.1/APD09050.1,A,
,Deinococci,Thermales,Thermaceae,Thermus oshimai JL-2,DTH,A,A,AFH38647.1/AFH38412.1/WP_016328733.1/AFH39305.1/AFH39056.1/AFH39858.1/AFH39563.1/WP_016329792.1/AFH39582.1/WP_016329239.1/WP_016329755.1/AFH40105.1/WP_016330267.1/WP_016328500.1/WP_016328338.1,A,
,Deinococci,Thermales,Thermaceae,Thermus scotoductus SA-01 ,DTH,A,A,WP_015717724.1/ADW23026.1/WP_026328936.1/WP_015717729.1/WP_015718158.1/WP_081454933.1,A,
,Deinococci,Thermales,Thermaceae,Thermus thermophilus HB27,DTH,A,A,WP_011173362.1/BAW01457.1/WP_011172974.1/WP_011173929.1/WP_011172481.1/WP_011172462.1/AAS82396.1/WP_041443894.1/BAW00438.1/AAS82095.1/WP_081424924.1/WP_011173064.1,WP_011173865.1,
Acidobacteria,?,?,?,Chloracidobacterium thermophilum B,AC,A,A,WP_014098603.1/WP_014098848.1/WP_014100383.1/WP_014098661.1/WP_014101415.1/WP_014101361.1/WP_014100575.1/WP_014100502.1/WP_014099540.1,AEP12811.1/WP_081464840.1,
,Acidobacteriia,Acidobacteriales,Acidobacteriaceae,Acidobacterium capsulatum ATCC 51196 ,AC,A,A,WP_015897391.1/WP_012680585.1/WP_015896135.1/WP_012680739.1/WP_015897789.1,WP_015895895.1,
,Acidobacteriia,Acidobacteriales,Acidobacteriaceae,Granulicella mallensis MP5ACTX8,AC,A,A,WP_014265203.1/WP_014267593.1/WP_014264869.1/WP_014266706.1/WP_014266929.1/WP_014267871.1,WP_014263262.1,
,Acidobacteriia,Acidobacteriales,Acidobacteriaceae,Granulicella tundricola MP5ACTX9,AC,A,A,WP_013581794.1/WP_013578625.1/WP_013572935.1,WP_013580536.1,
,Acidobacteriia,Acidobacteriales,Acidobacteriaceae,Terriglobus roseus DSM 18391,AC,A,A,AFL89134.1/WP_014787548.1/WP_014787662.1/WP_014784146.1/WP_014784576.1/WP_014784702.1/WP_014787755.1/WP_014786384.1,WP_014785064.1,
,Acidobacteriia,Acidobacteriales,Acidobacteriaceae,Terriglobus saanensis SP1PR4,AC,A,A,WP_013570644.1/WP_083811928.1/ADV83310.1/WP_013566988.1/WP_013566739.1/WP_013569376.1/WP_013570483.1/WP_013567528.1/WP_013569891.1/WP_013570304.1/WP_013567459.1/WP_013570500.1/WP_013570129.1/WP_013570128.1,WP_013570037.1/WP_013567374.1,
Fusobacteria,Fusobacteriia,Fusobacteriales,Fusobacteriaceae,Fusobacterium nucleatum subsp. animalis 7_1,FU,A,A,WP_009006855.1/WP_008701960.1/WP_008700962.1/WP_008702851.1/WP_016361257.1,A,
,Fusobacteriia,Fusobacteriales,Fusobacteriaceae,Fusobacterium nucleatum subsp. nucleatum ATCC 25586,FU,A,A,WP_005903809.1/WP_011016212.1/WP_011016878.1/WP_011015958.1/WP_011016070.1/WP_011016954.1,A,
,Fusobacteriia,Fusobacteriales,Fusobacteriaceae,Ilyobacter polytropus DSM 2926,FU,A,A,WP_013386927.1/WP_013388080.1/WP_013388715.1/WP_013388178.1/WP_013387271.1/ADO82246.1/WP_013388982.1/WP_013386984.1/WP_013386925.1/WP_013387102.1/ADO82524.1/WP_083789078.1/WP_013388883.1,A,
,Fusobacteriia,Fusobacteriales,Leptotrichiaceae,Leptotrichia buccalis C-1013-b ,FU,A,A,WP_015768912.1/WP_015769636.1,A,
,Fusobacteriia,Fusobacteriales,Leptotrichiaceae,Sebaldella termitidis ATCC 33386,FU,A,A,WP_012861082.1,A,
,Fusobacteriia,Fusobacteriales,Leptotrichiaceae,Sneathia amnii SN35,FU,A,A,AKC95901.1/AKC95900.1,A,
,Fusobacteriia,Fusobacteriales,Leptotrichiaceae,Streptobacillus moniliformis DSM 12112 ,FU,A,A,WP_012858744.1/WP_012859030.1,A,
Planctomycetes,Phycisphaerae,Phycisphaerales,Phycisphaeraceae,Phycisphaera mikurensis NBRC 102666,PLC,A,A,WP_014438383.1/BAM02350.1/WP_014437707.1/WP_014436165.1/WP_014436515.1,WP_014436705.1,
,Planctomycetia,Planctomycetales,Isosphaeraceae,Isosphaera pallida ATCC 43644,PLC,A,A,WP_013564272.1/WP_013563322.1/WP_013566006.1/WP_013564671.1/WP_013562932.1,WP_013564417.1/WP_013565950.1,
,Planctomycetia,Planctomycetales,Isosphaeraceae,Paludisphaera borealis PX4,PLC,A,A,APW64275.1/APW60125.1/APW63450.1,WP_076349672.1/WP_076345929.1/WP_076348681.1,
,Planctomycetia,Planctomycetales,Isosphaeraceae,Singulisphaera acidiphila DSM 18658,PLC,A,A,WP_015250204.1/WP_020467292.1/WP_015248162.1/WP_015247128.1/WP_015247755.1/WP_015245570.1,WP_015248542.1,
,Planctomycetia,Planctomycetales,Planctomycetaceae,Fuerstia marisgermanicae NH11,PLC,WP_077023381.1,A,APZ96803.1/APZ93555.1/APZ90957.1/APZ94558.1/APZ96120.1/APZ95030.1/APZ91827.1/APZ93034.1/WP_083732484.1/WP_077025003.1/WP_077022779.1,WP_077027195.1/APZ96131.1/WP_077025657.1/WP_077028068.1/APZ90956.1,
,Planctomycetia,Planctomycetales,Planctomycetaceae,Pirellula staleyi DSM 6068,PLC,A,A,WP_012911052.1/WP_012913153.1/WP_012913152.1/WP_012909044.1/WP_012909925.1/WP_012913555.1,WP_012911831.1,
,Planctomycetia,Planctomycetales,Planctomycetaceae,Planctopirus limnophila DSM 3776,PLC,A,A,WP_013111362.1/WP_013110429.1/WP_013110148.1/WP_013108385.1,ADG68971.1/WP_041403794.1/WP_013110122.1,
,Planctomycetia,Planctomycetales,Planctomycetaceae,Rhodopirellula baltica SH 1,PLC,A,A,WP_011117886.1/WP_011118315.1/WP_011119821.1/WP_011118443.1/WP_011119884.1/WP_011120646.1/WP_011124004.1,WP_011121471.1/WP_007327329.1,
,Planctomycetia,Planctomycetales,Planctomycetaceae,Rubinisphaera brasiliensis DSM 5305,PLC,A,A,WP_013626853.1/ADY60747.1/WP_052299457.1/WP_013629467.1/WP_013627388.1/WP_013626773.1/WP_013629769.1/WP_013630651.1/WP_013629677.1/ADY57965.1/WP_013628611.1,WP_013627272.1/WP_013629098.1/WP_013629658.1,
Thermotogae,Thermotogae,Kosmotogales,Kosmotogaceae,Kosmotoga olearia TBF 19.5.1 ,THR,A,A,ACR78871.1/WP_082853720.1/WP_015868736.1,A,
,Thermotogae,Kosmotogales,Kosmotogaceae,Kosmotoga pacifica SLHLJ1,THR,A,A,AKI97079.1/AKI97839.1/AKI96803.1,A,
,Thermotogae,Kosmotogales,Kosmotogaceae,Mesotoga prima MesG1.Ag.4.2,THR,A,A,WP_014731851.1/WP_014731868.1/WP_014730727.1/WP_014730001.1,A,
,Thermotogae,Petrotogales,Petrotogaceae,Marinitoga piezophila KA3,THR,A,A,WP_014296593.1/WP_014296217.1/WP_014296190.1/WP_014297446.1,A,
,Thermotogae,Petrotogales,Petrotogaceae,Petrotoga mobilis SJ95,THR,A,A,WP_012209350.1/WP_012209684.1,A,
,Thermotogae,Petrotogales,Petrotogaceae,Defluviitoga tunisiensis DTL3,THR,A,A,WP_045087452.1/WP_045087409.1/WP_045088292.1/CEP78813.1/WP_045088700.1,A,
,Thermotogae,Thermotogales,Fervidobacteriaceae,Fervidobacterium nodosum Rt17-B1,THR,A,A,WP_011994602.1/WP_011994785.1/WP_041257209.1/WP_011993726.1/A7HMY3.1,WP_011993729.1,
,Thermotogae,Thermotogales,Fervidobacteriaceae,Fervidobacterium pennivorans DSM 9078,THR,A,A,WP_014451565.1/WP_014451427.1/WP_014452452.1,WP_014451611.1,
,Thermotogae,Thermotogales,Fervidobacteriaceae,Thermosipho africanus TCF52B,THR,A,A,WP_012579742.1/WP_012579598.1/WP_012580346.1,WP_004104595.1,
,Thermotogae,Thermotogales,Fervidobacteriaceae,Thermosipho melanesiensis BI429,THR,A,A,WP_012057793.1/WP_012057046.1/WP_012057352.1,A,
,Thermotogae,Thermotogales,Thermotogaceae,Pseudothermotoga hypogea DSM 11164 = NBRC 106472,THR,A,A,WP_031504618.1/WP_031504151.1,A,
,Thermotogae,Thermotogales,Thermotogaceae,Pseudothermotoga lettingae TMO,THR,A,A,ABV34304.1/WP_095206329.1/WP_012002469.1/WP_012003489.1/WP_012003198.1/WP_012002161.1/WP_028843341.1,A,
,Thermotogae,Thermotogales,Thermotogaceae,Pseudothermotoga thermarum DSM 5069,THR,A,A,WP_013932644.1/WP_013932643.1/WP_013932120.1/WP_013931742.1,A,
,Thermotogae,Thermotogales,Thermotogaceae,Thermotoga caldifontis AZM44c09,THR,A,A,WP_082021614.1/WP_041075667.1/WP_082021642.1/WP_041077870.1,A,
,Thermotogae,Thermotogales,Thermotogaceae,Thermotoga maritima MSB8,THR,A,A,WP_004081907.1/AGL49713.1/WP_010865204.1/AHD18463.1/WP_004082125.1/WP_004083198.1,AKE29107.1/WP_010865320.1/WP_004079950.1,
,Thermotogae,Thermotogales,Thermotogaceae,Thermotoga neapolitana DSM 4359,THR,A,A,WP_015919606.1/WP_015920205.1/WP_015918918.1/WP_015919311.1/WP_038067786.1/ACM23530.1,WP_011943901.1,
,Thermotogae,Thermotogales,Thermotogaceae,Thermotoga profunda AZM34c06,THR,A,A,WP_041084383.1,A,
Bacteroidetes,?,Bacteroidetes,Rhodothermaceae,Rhodothermus marinus DSM 4252,BC,A,A,WP_012844564.1/WP_012844104.1/WP_012844102.1/WP_012845059.1/WP_012843932.1/WP_012844590.1/WP_012844466.1/WP_012843040.1/WP_012844233.1/WP_012844232.1/WP_012843943.1/WP_012844981.1,A,
,?,Bacteroidetes,Rhodothermaceae,Salinibacter ruber DSM 13855,BC,A,A,WP_011404343.1/WP_011405241.1/WP_011404788.1/WP_011405092.1/WP_011404937.1/WP_011404251.1/WP_011403438.1,A,
,Bacteroidia,Bacteroidales,Bacteroidaceae,Bacteroides caccae ATCC 43185,BC,A,A,WP_005676808.1/WP_005675269.1/WP_005677834.1,A,
,Bacteroidia,Bacteroidales,Bacteroidaceae,Bacteroides cellulosilyticus WH2,BC,A,A,WP_029429121.1/WP_129617443.1,A,
,Bacteroidia,Bacteroidales,Bacteroidaceae,Bacteroides fragilis YCH46,BC,A,A,WP_011202231.1/WP_005797088.1/WP_129660967.1/WP_011202640.1/WP_005785329.1,A,
,Bacteroidia,Bacteroidales,Bacteroidaceae,Bacteroides ovatus ATCC 8483,BC,A,A,WP_004297388.1/WP_004298839.1/WP_004301790.1/WP_004296471.1/WP_004302232.1,A,
,Bacteroidia,Bacteroidales,Bacteroidaceae,Bacteroides salanitronis DSM 18170,BC,A,A,WP_013616209.1/WP_013617807.1,A,
,Bacteroidia,Bacteroidales,Bacteroidaceae,Bacteroides thetaiotaomicron VPI-5482,BC,A,A,WP_074858282.1/WP_011108698.1/WP_008766155.1/WP_129655814.1/WP_011107266.1/YP_098289.1,A,
,Bacteroidia,Bacteroidales,Bacteroidaceae,Bacteroides vulgatus ATCC 8482,BC,A,A,WP_007844412.1/WP_005851768.1/WP_084009488.1,A,
,Bacteroidia,Bacteroidales,Porphyromonadaceae,Barnesiella viscericola DSM 18177,BC,A,A,WP_038534205.1/AHF12199.1/WP_025278626.1/WP_025277260.1,A,
,Bacteroidia,Bacteroidales,Porphyromonadaceae,Odoribacter splanchnicus DSM 20712,BC,A,A,A,A,
,Bacteroidia,Bacteroidales,Porphyromonadaceae,Paludibacter propionicigenes WB4,BC,A,A,WP_013444205.1/WP_013446078.1/WP_013446311.1,A,
,Bacteroidia,Bacteroidales,Porphyromonadaceae,Parabacteroides distasonis ATCC 8503,BC,A,A,WP_005861893.1/WP_012056133.1/WP_022193252.1/WP_005857718.1/WP_011966107.1,A,
,Bacteroidia,Bacteroidales,Porphyromonadaceae,Petrimonas mucosa ING2-E5A,BC,A,A,SCM59419.1,A,
,Bacteroidia,Bacteroidales,Porphyromonadaceae,Porphyromonas asaccharolytica DSM 20707,BC,A,A,WP_013760680.1/WP_013760015.1,A,
,Bacteroidia,Bacteroidales,Porphyromonadaceae,Porphyromonas gingivalis ATCC 33277,BC,A,A,WP_012457806.1/WP_012457325.1/BAG34498.1,A,
,Bacteroidia,Bacteroidales,Porphyromonadaceae,Proteiniphilum saccharofermentans M3/6,BC,A,A,SCD20586.1/WP_083710990.1,A,
,Bacteroidia,Bacteroidales,Porphyromonadaceae,Tannerella forsythia 92A2,BC,A,A,WP_046472569.1,A,
,Bacteroidia,Bacteroidales,Prevotellaceae,Prevotella denticola F0289,BC,A,A,WP_013670400.1/WP_013671987.1,A,
,Bacteroidia,Bacteroidales,Prevotellaceae,Prevotella enoeca F0113,BC,A,A,ALO49903.1/ALO48894.1/ALO49395.1,A,
,Bacteroidia,Bacteroidales,Prevotellaceae,Prevotella fusca JCM 17724,BC,A,A,WP_025077443.1/WP_025077809.1/WP_025077803.1/WP_025078953.1,A,
,Bacteroidia,Bacteroidales,Prevotellaceae,Prevotella intermedia ATCC 25611 = DSM 20706,BC,A,A,WP_028906101.1,A,
,Bacteroidia,Bacteroidales,Prevotellaceae,Prevotella ruminicola 23,BC,A,A,WP_013064238.1/WP_013063907.1/WP_013064827.1,A,
,Bacteroidia,Bacteroidales,Rikenellaceae,Alistipes finegoldii DSM 17242,BC,A,A,WP_009596372.1,A,
,Bacteroidia,Bacteroidales,Rikenellaceae,Mucinivorans hirudinis,BC,A,A,WP_038653482.1/WP_038654313.1/WP_038656904.1,A,
,Bacteroidia,Marinilabiliales,Marinilabiliaceae,Alkalitalea saponilacus SC/BZ-SP2,BC,A,A,A,A,
,Bacteroidia,Marinilabiliales,Prolixibacteraceae,Draconibacterium orientale FH5T,BC,A,A,AHW59549.1/AHW60169.1,A,
,Bacteroidia,Marinilabiliales,Salinivirgaceae,Salinivirga cyanobacteriivorans L21-Spi-D4,BC,A,A,ALO17170.1/ALO16347.1/ALO14255.1/ALO14760.1,A,
,Chitinophagia,Chitinophagales,Chitinophagaceae,Niabella ginsenosidivorans BS26,BC,A,A,WP_067759856.1/ANH82902.1/ANH79713.1/ANH82997.1/WP_067760948.1/ANH80859.1/WP_067756579.1/WP_067753543.1/ANH79805.1/WP_067751141.1/WP_067756136.1,A,
,Chitinophagia,Chitinophagales,Chitinophagaceae,Niabella soli DSM 19437,BC,A,A,WP_008586314.1/WP_008587088.1/WP_008582129.1/WP_025298639.1/WP_008581799.1/WP_008584460.1,A,
,Cytophagia,Cytophagales,Amoebophilaceae,Cardinium endosymbiont cEper1 of Encarsia pergandiella,BC,A,A,WP_014934730.1,A,
,Cytophagia,Cytophagales,Bernardetiaceae,Bernardetia litoralis DSM 6794,BC,A,A,WP_014796680.1/WP_014799770.1/WP_014796177.1/WP_014796793.1/WP_014798884.1,A,
,Cytophagia,Cytophagales,Cyclobacteriaceae,Belliella baltica DSM 15883,BC,A,A,WP_014773622.1/WP_014774230.1/WP_014772990.1,A,
,Cytophagia,Cytophagales,Cyclobacteriaceae,Cyclobacterium marinum DSM 745,BC,A,A,WP_014021819.1/WP_014022031.1/WP_014021199.1/WP_014019523.1/WP_014019933.1/WP_014022445.1/WP_014021787.1/WP_014019530.1/WP_014019387.1/WP_014022448.1/WP_014021223.1/WP_014021822.1/WP_014019793.1/WP_014019358.1,A,
,Cytophagia,Cytophagales,Cyclobacteriaceae,Echinicola vietnamensis DSM 17526,BC,A,A,WP_015264879.1/WP_015266710.1/WP_015265268.1/WP_015265668.1/WP_015267882.1/WP_015268303.1/WP_015264565.1,A,
,Cytophagia,Cytophagales,Cyclobacteriaceae,Leadbetterella byssophila DSM 17132,BC,A,A,WP_013408235.1/WP_013408243.1/WP_013409989.1/WP_013410190.1/WP_013409402.1/WP_013410154.1/WP_013409255.1/WP_013407605.1/WP_013409414.1/WP_013407301.1/WP_013407194.1,A,
,Cytophagia,Cytophagales,Cytophagaceae,Cytophaga hutchinsonii ATCC 33406,BC,A,A,WP_011586180.1/3NIX_A/WP_011584479.1/WP_011585935.1/WP_011583965.1/WP_011584478.1,A,
,Cytophagia,Cytophagales,Cytophagaceae,Dyadobacter fermentans DSM 18053 ,BC,A,WP_050774642.1/WP_050774646.1,WP_015811478.1/WP_015810992.1/WP_015811477.1/WP_015812072.1/WP_015812828.1/WP_015815152.1/WP_012779948.1/WP_015811510.1/WP_015811962.1/WP_015812557.1/WP_015810751.1/WP_015811662.1/WP_015814156.1/WP_015812077.1/WP_015813442.1,A,
,Cytophagia,Cytophagales,Cytophagaceae,Runella slithyformis DSM 19594,BC,A,A,AEI46960.1/AEI47909.1/AEI50369.1/AEI50231.1/AEI50483.1/AEI48885.1/AEI51129.1/AEI46864.1/AEI49297.1/AEI49889.1/AEI50782.1/AEI49035.1/AEI46859.1/AEI47235.1/AEI47464.1/AEI48946.1/AEI47575.1,AEI47723.1,
,Cytophagia,Cytophagales,Cytophagaceae,Spirosoma aerolatum KACC 17939,BC,A,A,WP_080058061.1/WP_080059080.1/WP_080055279.1/WP_080059959.1/WP_080058426.1/WP_080055606.1/WP_080056232.1/WP_080059615.1/WP_080057377.1/WP_080058507.1/WP_080054923.1/WP_080056149.1/WP_080059392.1/WP_080053844.1/WP_080054027.1/WP_080053856.1/WP_080054447.1,WP_080055778.1,
,Cytophagia,Cytophagales,Cytophagaceae,Spirosoma montaniterrae DY10,BC,A,A,AQG78700.1/AQG78823.1/AQG77946.1/AQG81854.1/AQG80798.1/AQG80617.1/AQG80799.1/AQG78751.1/AQG80393.1/AQG81603.1/AQG81474.1/AQG81964.1/AQG82172.1/AQG79651.1,A,
,Cytophagia,Cytophagales,Cytophagaceae,Spirosoma radiotolerans DG5A,BC,A,A,AKD56380.1/AKD53595.1/AKD57201.1/AKD57437.1/AKD56687.1/AKD57699.1/AKD55642.1/AKD56304.1/AKD57947.1/AKD57104.1/AKD54470.1/AKD54808.1/AKD54902.1/AKD57738.1/AKD57581.1/AKD53728.1/AKD56934.1,A,
,Cytophagia,Cytophagales,Cytophagaceae,Spirosoma rigui KCTC 12531,BC,A,A,WP_080237794.1/WP_080239225.1/WP_080241266.1/WP_080241323.1/WP_080239347.1/WP_080239082.1/WP_080237842.1/WP_080238900.1/WP_080238934.1/WP_080238490.1,A,
,Cytophagia,Cytophagales,Flammeovirgaceae,Marivirga tractuosa DSM 4126,BC,A,A,WP_013454584.1/WP_013452522.1/WP_013452996.1/WP_013453727.1/WP_013455435.1/WP_013454243.1,A,
,Cytophagia,Cytophagales,Hymenobacteraceae,Hymenobacter sedentarius DG5B,BC,A,A,ALW86542.1/ALW85411.1/ALW83765.1/ALW85099.1/WP_068191798.1/WP_068196159.1/ALW84084.1,WP_071885939.1,
,Cytophagia,Cytophagales,Hymenobacteraceae,Hymenobacter swuensis DY53,BC,A,A,WP_044001325.1/WP_052346547.1/WP_044001004.1/WP_071883035.1/AHJ96749.1/WP_044003211.1/WP_044001546.1/AHJ95604.1/WP_044001326.1/WP_044003091.1,WP_044000635.1,
,Cytophagia,Cytophagales,Hymenobacteraceae,Pontibacter akesuensis AKS 1T,BC,A,A,WP_068837305.1/WP_068837501.1/WP_068837896.1/WP_068837664.1/WP_068837291.1/WP_068839643.1/WP_068839529.1/WP_068839607.1,A,
,Cytophagia,Cytophagales,Hymenobacteraceae,Pontibacter korlensis X14-1T,BC,A,A,AKD02446.1/AKD04720.1/AKD05272.1/AKD05379.1/AKD02436.1/AKD02730.1/AKD02601.1/AKD02275.1/AKD02705.1/AKD02079.1/AKD02011.1/AKD03791.1,A,
,Cytophagia,Cytophagales,Hymenobacteraceae,Rufibacter tibetensis 1351,BC,A,A,ALI98543.1/ALJ00835.1/ALJ01498.1/ALI99535.1/ALI99934.1/ALJ00867.1/ALI98507.1/ALJ01140.1,A,
,Flavobacteriia,Flavobacteriales,Blattabacteriaceae,Blattabacterium cuenoti BPAA,BC,A,A,WP_015430019.1/WP_015430040.1/WP_015430077.1,A,
,Flavobacteriia,Flavobacteriales,Blattabacteriaceae,Blattabacterium sp. (Cryptocercus punctulatus) str. Cpu,BC,A,A,AEU09239.1/AEU09260.1/AEU09200.1,A,
,Flavobacteriia,Flavobacteriales,Cryomorphaceae,Fluviicola taffensis DSM 16823,BC,A,A,WP_013686190.1/WP_013686193.1/WP_013688264.1/WP_013685707.1/AEA43420.1/AEA44989.1/WP_013688782.1/WP_013687961.1,A,
,Flavobacteriia,Flavobacteriales,Cryomorphaceae,Owenweeksia hongkongensis DSM 17368,BC,A,A,WP_014201574.1/WP_014202388.1/WP_014201049.1/WP_014201575.1/AEV33094.1/WP_083827998.1/WP_014203836.1/WP_014200602.1/WP_014201477.1/WP_014202838.1/WP_014200694.1,A,
,Flavobacteriia,Flavobacteriales,Flavobacteriaceae,Aequorivita sublithincola DSM 14238,BC,A,A,WP_014781701.1/WP_014780845.1/WP_014781672.1/WP_014783414.1/WP_014782207.1/WP_014781097.1/WP_014781241.1/WP_042492143.1/AFL82579.1/WP_014783323.1,A,
,Flavobacteriia,Flavobacteriales,Flavobacteriaceae,Arenibacter algicola SMS7,BC,A,A,WP_031442870.1/WP_093978740.1/WP_093980049.1/WP_031444353.1/ASO06180.1/ASO06151.1/ASO07889.1/ASO07086.1/ASO07850.1/ASO06255.1/ASO06562.1/ASO04946.1/ASO03690.1/ASO05038.1/ASO05032.1/ASO03687.1/ASO08307.1,A,
,Flavobacteriia,Flavobacteriales,Flavobacteriaceae,Algibacter alginolytica HZ22,BC,A,A,ALJ05755.1/ALJ06229.1/WP_054724743.1,A,
,Flavobacteriia,Flavobacteriales,Flavobacteriaceae,Capnocytophaga canimorsus Cc5,BC,A,A,WP_013996368.1/WP_081461672.1/AEK22638.1,A,
,Flavobacteriia,Flavobacteriales,Flavobacteriaceae,Capnocytophaga haemolytica CCUG 32990,BC,A,A,WP_066429259.1/WP_066429055.1/WP_066430472.1/WP_066429273.1/WP_066430240.1/WP_066428969.1,A,
,Flavobacteriia,Flavobacteriales,Flavobacteriaceae,Capnocytophaga ochracea DSM 7271,BC,A,A,WP_012796920.1/WP_015782990.1/WP_009418022.1/ACU91804.1/WP_009417852.1,A,
,Flavobacteriia,Flavobacteriales,Flavobacteriaceae,Cellulophaga algicola DSM 14237,BC,A,A,WP_013551208.1/WP_013551616.1/WP_013552536.1/WP_013551830.1/WP_013550388.1/WP_013551002.1/WP_013550519.1/WP_013552661.1,A,
,Flavobacteriia,Flavobacteriales,Flavobacteriaceae,Cellulophaga baltica 18,BC,A,A,WP_029446051.1/WP_024480098.1/WP_029446915.1/WP_029447405.1/WP_024482151.1/WP_029447043.1,A,
,Flavobacteriia,Flavobacteriales,Flavobacteriaceae,Cellulophaga lytica DSM 7489,BC,A,A,WP_013622148.1/WP_013621236.1/WP_013620979.1/WP_013620041.1/WP_013622626.1,A,
,Flavobacteriia,Flavobacteriales,Flavobacteriaceae,Chryseobacterium indologenes AA5,BC,A,A,WP_062698597.1/WP_060868737.1/WP_088584552.1/WP_027373067.1/QBA22047.1/WP_079243447.1/WP_047097114.1/QBA23236.1,A,
,Flavobacteriia,Flavobacteriales,Flavobacteriaceae,Croceibacter atlanticus HTCC2559,BC,A,A,WP_013186549.1/WP_013186530.1/WP_013186282.1/WP_013186417.1/WP_013186704.1/WP_013187672.1/WP_013188232.1/WP_013187237.1,A,
,Flavobacteriia,Flavobacteriales,Flavobacteriaceae,Dokdonia donghaensis DSW-1,BC,A,A,WP_035324922.1/WP_035326382.1/WP_035325143.1/WP_035327417.1/WP_035327087.1,A,
,Flavobacteriia,Flavobacteriales,Flavobacteriaceae,Elizabethkingia anophelis NUHP1,BC,A,A,WP_024564753.1/WP_024566258.1/WP_024566236.1/WP_009086051.1/WP_024565675.1/WP_024564082.1,A,
,Flavobacteriia,Flavobacteriales,Flavobacteriaceae,Flavobacterium branchiophilum FL-15,BC,A,A,WP_014082759.1/WP_014082739.1/WP_014083709.1/WP_014084104.1/WP_014084712.1/WP_014085047.1,A,
,Flavobacteriia,Flavobacteriales,Flavobacteriaceae,Flavobacterium columnare ATCC 49512,BC,A,A,WP_014166442.1/WP_014166414.1/WP_014165321.1/WP_014164312.1,A,
,Flavobacteriia,Flavobacteriales,Flavobacteriaceae,Flavobacterium crassostreae LPB0076,BC,A,A,WP_066334495.1/OCB77341.1/WP_066336930.1/OCB74797.1,A,
,Flavobacteriia,Flavobacteriales,Flavobacteriaceae,Flavobacterium gilvum EM1308,BC,A,A,KFC58356.1/KFC59008.1/WP_035637904.1/WP_035640164.1/AOW09076.1,A,
,Flavobacteriia,Flavobacteriales,Flavobacteriaceae,Flavobacterium indicum GPTSA100-9,BC,A,A,WP_014388561.1,A,
,Flavobacteriia,Flavobacteriales,Flavobacteriaceae,Flavobacterium johnsoniae UW101,BC,A,A,WP_012023195.1/WP_012025783.1/WP_012023162.1/WP_012025812.1/WP_012026641.1/WP_012023016.1/WP_012022765.1/WP_012024853.1/WP_012026850.1,A,
,Flavobacteriia,Flavobacteriales,Flavobacteriaceae,Flavobacterium psychrophilum JIP02/86,BC,A,A,WP_011964378.1,A,
,Flavobacteriia,Flavobacteriales,Flavobacteriaceae,Gramella flava JLT2011,BC,A,A,WP_083645637.1/WP_083645268.1/WP_083644103.1/WP_083643778.1/WP_083645666.1,A,
,Flavobacteriia,Flavobacteriales,Flavobacteriaceae,Gramella forsetii KT0803,BC,A,A,WP_011709550.1/WP_011709493.1/WP_011708920.1/WP_011710994.1/WP_011711473.1/WP_011709743.1/WP_011709020.1/CAL67667.1/WP_011709213.1/WP_041250130.1,A,
,Flavobacteriia,Flavobacteriales,Flavobacteriaceae,Lacinutrix venerupis DOK2-8,BC,A,A,APY00598.1/APY00595.1/APX98777.1/APY00100.1,A,
,Flavobacteriia,Flavobacteriales,Flavobacteriaceae,Lutibacter profundi LP1,BC,A,A,AMC10205.1/AMC11484.1/WP_068205507.1,A,
,Flavobacteriia,Flavobacteriales,Flavobacteriaceae,Muricauda lutaonensis CC-HSB-11,BC,A,A,AKA35583.1/AKA34582.1/AKA34022.1/AKA35164.1/AKA35920.1/AKA35171.1,A,
,Flavobacteriia,Flavobacteriales,Flavobacteriaceae,Muricauda ruestringensis DSM 13258 ,BC,A,A,WP_014033597.1/WP_014033711.1/WP_014033545.1/WP_014032841.1/WP_014031676.1/WP_014031921.1,A,
,Flavobacteriia,Flavobacteriales,Flavobacteriaceae,Myroides profundi D25,BC,A,A,AJH14994.1/AJH13970.1/AJH16625.1/AJH15213.1/AJH13878.1/AJH14169.1,A,
,Flavobacteriia,Flavobacteriales,Flavobacteriaceae,Nonlabens dokdonensis DSW-6,BC,A,A,WP_015363750.1/WP_015363780.1/WP_015362161.1/WP_015362048.1/WP_015361302.1/WP_015362506.1/WP_015362781.1,A,
,Flavobacteriia,Flavobacteriales,Flavobacteriaceae,Nonlabens sediminis NBRC 100970,BC,A,A,WP_085774677.1/WP_042280115.1/WP_085774819.1/WP_042279191.1/WP_042277592.1/WP_085775145.1/WP_042277007.1/WP_060523588.1/WP_042275860.1/WP_085774125.1/WP_042277586.1,A,
,Flavobacteriia,Flavobacteriales,Flavobacteriaceae,Ornithobacterium rhinotracheale DSM 15997,BC,A,A,WP_014791051.1/WP_014791583.1,A,
,Flavobacteriia,Flavobacteriales,Flavobacteriaceae,Polaribacter reichenbachii 6Alg 8T,BC,A,A,APZ46966.1/APZ45109.1/APZ45808.1/APZ47057.1/APZ46765.1/APZ47175.1,A,
,Flavobacteriia,Flavobacteriales,Flavobacteriaceae,Polaribacter vadi LPB0003,BC,A,A,WP_065319659.1/WP_065319943.1/OBY65576.1/OBY62673.1/OBY61313.1/OBY62966.1/OBY66142.1/OBY65398.1/WP_065318172.1,A,
,Flavobacteriia,Flavobacteriales,Flavobacteriaceae,Psychroflexus torquis ATCC 700755,BC,A,A,WP_015023125.1/WP_015023740.1/WP_015024257.1/WP_015024429.1/WP_015025323.1/WP_015025460.1,A,
,Flavobacteriia,Flavobacteriales,Flavobacteriaceae,Riemerella anatipestifer DSM 15868 = ATCC 11845,BC,A,A,WP_004916573.1/WP_013446917.1/WP_004918449.1/WP_004917252.1,A,
,Flavobacteriia,Flavobacteriales,Flavobacteriaceae,Robiginitalea biformata HTCC2501,BC,A,A,WP_015753134.1/WP_015754497.1/WP_015755751.1/WP_015753887.1/WP_015755755.1/WP_015752963.1,A,
,Flavobacteriia,Flavobacteriales,Flavobacteriaceae,Siansivirga zeaxanthinifaciens CC-SAMT-1,BC,A,A,WP_044637371.1/WP_044639108.1/WP_044639325.1/WP_044639109.1,A,
,Flavobacteriia,Flavobacteriales,Flavobacteriaceae,Tenacibaculum dicentrarchi AY7486TD,BC,A,A,ALU76029.1/ALU75224.1/ALU75318.1/ALU74071.1,A,
,Flavobacteriia,Flavobacteriales,Flavobacteriaceae,Weeksella virosa DSM 16922,BC,A,A,WP_013598636.1/ADX68273.1/WP_041942135.1/WP_013597992.1/WP_013598745.1,A,
,Flavobacteriia,Flavobacteriales,Flavobacteriaceae,Wenyingzhuangia fucanilytica CZ1127,BC,A,A,ANW96424.1/ANW96375.1/ANW97303.1/ANW95693.1,A,
,Flavobacteriia,Flavobacteriales,Flavobacteriaceae,Zobellia galactanivorans DsiJT,BC,A,A,WP_013993440.1/WP_013995712.1/CAZ96240.1/CAZ96189.1/CAZ98524.1/CAZ94594.1/CAZ95975.1/CAZ96005.1/CAZ98786.1/CAZ95875.1/CAZ97316.1/CAZ94256.1/CAZ94399.1/CAZ95517.1/CAZ95615.1/CAZ95968.1/CAZ96364.1,A,
,Flavobacteriia,Flavobacteriales,Flavobacteriaceae,Zunongwangia profunda SM-A87 ,BC,A,A,WP_013072196.1/WP_013071865.1/WP_013072891.1/WP_013073677.1/WP_013069885.1/WP_013071302.1/WP_013071628.1/WP_013073414.1,A,
,Sphingobacteriia,Sphingobacteriales,Chitinophagaceae,Chitinophaga pinensis DSM 2588,BC,A,A,WP_012789535.1/WP_012792636.1/WP_012788504.1/WP_012789546.1/WP_012792103.1/WP_012789036.1/WP_012788010.1/WP_012788402.1/WP_012794026.1/WP_012793556.1/WP_012791329.1/WP_012793013.1/WP_012791077.1/WP_012793012.1/WP_012793561.1/WP_012788750.1/WP_012793834.1/WP_012792679.1/WP_012793624.1,A,
,Sphingobacteriia,Sphingobacteriales,Chitinophagaceae,Niastella koreensis GR20-10,BC,A,A,WP_014222290.1/WP_014222107.1/WP_014216528.1/WP_014219128.1/WP_014220914.1/WP_081195836.1/AEV96629.1/WP_014222388.1/WP_014221387.1/WP_014220556.1/WP_014216330.1/WP_014219369.1/WP_014220138.1/WP_014220980.1,A,
,Sphingobacteriia,Sphingobacteriales,Saprospiraceae,Haliscomenobacter hydrossis DSM 1100,BC,A,A,WP_013767563.1/WP_013764406.1/AEE49946.1/WP_013764099.1/WP_044233623.1/WP_013765511.1/WP_013763304.1/WP_013768345.1/WP_013768854.1/WP_013767407.1/WP_013763526.1/WP_013765083.1/WP_013766808.1/WP_013764955.1/WP_013769151.1/WP_013767307.1/WP_013765509.1/WP_013765654.1/WP_013764188.1,A,
,Sphingobacteriia,Sphingobacteriales,Saprospiraceae,Saprospira grandis str. Lewin,BC,A,A,WP_015693711.1/WP_015693456.1/WP_014373723.1/WP_015692599.1/WP_015693246.1,A,
,Sphingobacteriia,Sphingobacteriales,Sphingobacteriaceae,Pedobacter cryoconitis PAMC 27485,BC,A,A,AMP99641.1/AMQ01616.1/AMP97173.1/AMP97932.1/AMP98551.1/AMP97299.1/AMP98605.1/AMP99209.1,A,
,Sphingobacteriia,Sphingobacteriales,Sphingobacteriaceae,Pedobacter heparinus DSM 2366,BC,A,A,WP_015807470.1/ACU04678.1/WP_036674054.1/WP_015809445.1/WP_015807789.1/WP_015807902.1/WP_015807911.1/WP_015809388.1,WP_015807886.1,
,Sphingobacteriia,Sphingobacteriales,Sphingobacteriaceae,Pedobacter steynii DX4,BC,A,A,AOM80888.1/AOM79528.1/AOM77123.1/AOM80329.1/AOM75790.1/AOM79767.1/AOM80603.1/AOM81031.1/AOM76264.1/AOM79852.1,WP_074604663.1/WP_069381949.1,
,Sphingobacteriia,Sphingobacteriales,Sphingobacteriaceae,Pseudopedobacter saltans DSM 12145,BC,A,A,WP_013631765.1/WP_013634796.1/WP_013631277.1/WP_013633039.1/WP_013633915.1/WP_013631524.1,A,
,Sphingobacteriia,Sphingobacteriales,Sphingobacteriaceae,Solitalea canadensis DSM 3403,BC,A,A,WP_014681510.1/WP_042481314.1/AFD07740.1/WP_014682649.1,WP_014680211.1,
Ignavibacteriae,Ignavibacteria,Ignavibacteriales,Ignavibacteriaceae,Ignavibacterium album JCM 16511,IG,A,A,AFH49682.1/WP_083832046.1/WP_014560777.1/WP_014559668.1/WP_014559101.1/WP_014559270.1/WP_014559267.1/WP_014559200.1,WP_014561120.1,
,Ignavibacteria,Ignavibacteriales,Melioribacteraceae,Melioribacter roseus P3M-2,IG,A,A,WP_014857487.1/WP_041355746.1/AFN73701.1/WP_014856088.1/WP_014855285.1,A,
Clorobi,Chlorobia,Chlorobiales,Chlorobiaceae,Chlorobaculum limnaeum DSM 1677,CL,A,A,WP_069809244.1/WP_069809391.1/WP_069810857.1/WP_069809168.1/WP_069811067.1,A,
,Chlorobia,Chlorobiales,Chlorobiaceae,Chlorobaculum parvum NCIB 8327,CL,A,A,WP_012502441.1/WP_012501903.1/WP_012501976.1/WP_012502049.1/WP_012503246.1/WP_012501271.1,A,
,Chlorobia,Chlorobiales,Chlorobiaceae,Chlorobaculum tepidum TLS,CL,A,A,WP_010932902.1/WP_010932333.1/WP_010932967.1/WP_010932535.1/WP_010933900.1/WP_010933556.1,A,
,Chlorobia,Chlorobiales,Chlorobiaceae,Chlorobium chlorochromatii CaD3,CL,A,A,WP_011361089.1/WP_011362900.1/WP_011362056.1/WP_011362601.1/WP_011362963.1/WP_011362600.1,A,
,Chlorobia,Chlorobiales,Chlorobiaceae,Chlorobium limicola DSM 245,CL,A,A,WP_012466918.1/WP_012465011.1/WP_041465657.1/ACD89846.1/WP_012467328.1/WP_012466661.1/WP_012466080.1/WP_012467008.1/WP_012465859.1/WP_012465660.1,A,
,Chlorobia,Chlorobiales,Chlorobiaceae,Chlorobium phaeobacteroides BS1,CL,A,A,WP_012473805.1/WP_012475096.1/WP_012473503.1/WP_012474473.1/WP_012473928.1/WP_012475511.1,A,
,Chlorobia,Chlorobiales,Chlorobiaceae,Chlorobium phaeobacteroides DSM 266,CL,A,A,WP_011744749.1/ABL64171.1/WP_041467446.1/WP_011744931.1/WP_011744934.1/WP_011744040.1/WP_011746053.1/WP_011744646.1,A,
,Chlorobia,Chlorobiales,Chlorobiaceae,Chlorobium phaeovibrioides DSM 265,CL,A,A,WP_011890388.1/WP_011890297.1/WP_011889607.1/WP_011889302.1/WP_011889282.1,A,
,Chlorobia,Chlorobiales,Chlorobiaceae,Chloroherpeton thalassium ATCC 35110,CL,A,A,WP_012499362.1/WP_012499510.1/WP_012499809.1/WP_012499409.1/ACF13439.1/WP_049756567.1/WP_012499813.1,A,
,Chlorobia,Chlorobiales,Chlorobiaceae,Pelodictyon luteolum DSM 273,CL,A,A,WP_011357384.1/WP_011357054.1/WP_011357531.1,A,
,Chlorobia,Chlorobiales,Chlorobiaceae,Pelodictyon phaeoclathratiforme BU-1,CL,A,A,WP_012508940.1/WP_012508831.1/WP_012508516.1/WP_012508281.1,A,
,Chlorobia,Chlorobiales,Chlorobiaceae,Prosthecochloris aestuarii DSM 271,CL,A,A,WP_012505962.1/WP_012505344.1/WP_012504913.1/WP_012504626.1/WP_012505992.1/WP_012506249.1/WP_012505583.1/WP_012505465.1/WP_012506084.1,A,
Verrucomicrobia,Methylacidiphilae,Methylacidiphilales,Methylacidiphilaceae,Methylacidiphilum fumariolicum SolV,VM,A,A,WP_009061108.1/WP_009059337.1/WP_009059281.1,WP_009061072.1,
,Methylacidiphilae,Methylacidiphilales,Methylacidiphilaceae,Methylacidiphilum infernorum V4,VM,A,A,WP_012464574.1/WP_012462411.1/WP_012464543.1,WP_012464114.1/ACD84386.1/WP_048810374.1,
,Opitutae,Opitutales,Opitutaceae,Lacunisphaera limnophila IG16b,VM,A,A,AOS45834.1/AOS45832.1/WP_069962333.1/WP_069962592.1/AOS43950.1,WP_069961567.1,
,Opitutae,Opitutales,Opitutaceae,Opitutus terrae PB90-1,VM,A,A,WP_012376089.1/WP_012376094.1/WP_012376427.1/WP_083767806.1/ACB77409.1,A,
,Opitutae,Puniceicoccales,Puniceicoccaceae,Coraliomargarita akajimensis DSM 45221,VM,A,A,WP_013042253.1/WP_013043973.1,A,
,Verrucomicrobiae,Verrucomicrobiales,Akkermansiaceae,Akkermansia glycaniphila APytT,VM,A,A,SEH83277.1,A,
,Verrucomicrobiae,Verrucomicrobiales,Akkermansiaceae,Akkermansia muciniphila ATCC BAA-835,VM,A,A,WP_012420113.1/WP_012420722.1,A,
Dictyoglomi,Dictyoglomia,Dictyoglomales,Dictyoglomaceae,Dictyoglomus thermophilum H-6-12,DC,A,A,WP_012548100.1/WP_012548176.1/WP_012547801.1/WP_012546983.1,A,
,Dictyoglomia,Dictyoglomales,Dictyoglomaceae,Dictyoglomus turgidum DSM 6724,DC,A,A,WP_012583229.1/WP_012583127.1/WP_012582449.1/WP_012582893.1/WP_012583474.1,A,
Elusimicrobia,Elusimicrobia,Elusimicrobiales,Elusimicrobiaceae,Elusimicrobium minutum Pei191,EM,A,A,WP_012414458.1/WP_012415063.1/WP_012415528.1/WP_012415424.1/WP_012414504.1,A,
,Elusimicrobia,Elusimicrobiales,Elusimicrobiaceae,Endomicrobium proavitum Rsa215,EM,A,A,AKL98329.1/AKL97624.1/AKL97551.1/AKL98050.1/AKL98089.1,A,
,?,?,?,Uncultured Termite group 1 bacterium phylotype Rs-D17,EM,A,A,WP_095558967.1/BAG13495.1,A,
Nitrospirae,Nitrospira,Nitrospirales,Nitrospiraceae,Leptospirillum ferriphilum ML-04,NI,A,A,AFS53831.1/WP_081579052.1/WP_014962032.1/WP_014960547.1/WP_014960050.1/WP_014961176.1,WP_014962089.1,
,Nitrospira,Nitrospirales,Nitrospiraceae,Leptospirillum ferrooxidans C2-3,NI,A,A,BAM07812.1/WP_041774412.1/BAM06548.1/WP_081495340.1/WP_014450399.1/WP_014448425.1/WP_041774294.1/WP_081495338.1/BAM06540.1,WP_014450357.1,
,Nitrospira,Nitrospirales,Nitrospiraceae,Nitrospira defluvii,NI,A,A,OQW64191.1/WP_013247444.1/OQW62982.1/WP_013249055.1/WP_013247648.1,WP_013250655.1/WP_013246632.1/WP_013249294.1,
,Nitrospira,Nitrospirales,Nitrospiraceae,Nitrospira japonica NJ11,NI,A,A,SLM49939.1/SLM48251.1/SLM46557.1,WP_080885576.1/SLM46972.1/WP_080887675.1,
,Nitrospira,Nitrospirales,Nitrospiraceae,Nitrospira moscoviensis NSP M-1,NI,A,A,A,WP_053381674.1/WP_053382025.1/WP_053379362.1,
,Nitrospira,Nitrospirales,Nitrospiraceae,Thermodesulfovibrio yellowstonii DSM 11347,NI,A,A,WP_012546588.1/WP_012545086.1/WP_012545046.1/WP_012546847.1/WP_012546111.1,A,
GEMMATIMONADETES,Gemmatimonadetes,Gemmatimonadales,Gemmatimonadaceae,Gemmatimonas aurantiaca T-27 ,GT,A,A,WP_012682299.1/BAH40173.1/WP_015895137.1/WP_012682234.1,A,
,Gemmatimonadetes,Gemmatimonadales,Gemmatimonadaceae,Gemmatimonas phototrophica AP64,GT,A,A,WP_026848385.1/AMW06428.1/AMW05520.1/WP_043581510.1/AMW05754.1/AMW04306.1,A,
 Synergistetes,Synergistia,Synergistales,Synergistaceae,Acetomicrobium mobile DSM 13181,SY,A,A,WP_014805918.1/WP_014807579.1/WP_014806125.1,A,
,Synergistia,Synergistales,Synergistaceae,Aminobacterium colombiense DSM 12261,SY,A,A,WP_013048962.1/WP_013047507.1/,A,
,Synergistia,Synergistales,Synergistaceae,Cloacibacillus porcorum CL-84,SY,A,A,ANZ45418.1,A,
,Synergistia,Synergistales,Synergistaceae,Thermanaerovibrio acidaminovorans DSM 6589,SY,A,A,WP_012869858.1/WP_012870100.1/WP_012870087.1/WP_012868859.1/WP_012869176.1,A,
,Synergistia,Synergistales,Synergistaceae,Thermovirga lienii DSM 17291,SY,A,A,WP_014163966.1/WP_014162175.1/WP_014163712.1,A,
Deferribacteres,Deferribacteres,Deferribacterales,Deferribacteraceae,Calditerrivibrio nitroreducens DSM 19672,DF,A,A,WP_013451428.1/WP_013452093.1/WP_013450999.1/WP_013450143.1,A,
,Deferribacteres,Deferribacterales,Deferribacteraceae,Deferribacter desulfuricans SSM1,DF,A,A,WP_013007245.1/WP_013008219.1/WP_013008396.1/WP_013007789.1,A,
,Deferribacteres,Deferribacterales,Deferribacteraceae,Denitrovibrio acetiphilus DSM 12809,DF,A,A,ADD66890.1/WP_083772327.1/WP_013011020.1,A,
,Deferribacteres,Deferribacterales,Deferribacteraceae,Flexistipes sinusarabici DSM 4947,DF,A,A,WP_013886600.1/WP_013887201.1,A,
Caldiserica,Caldisericia,Caldisericales,Caldisericaceae,Caldisericum exile AZM16c01,,A,A,WP_014453506.1/WP_014453960.1/WP_014453939.1/WP_014452928.1,WP_014453809.1,
Calditrichaeota,Calditrichae,Calditrichales,Calditrichaceae,Caldithrix abyssi DSM 13497,,A,A,WP_006928966.1/EHO40913.1/WP_044281076.1/WP_006926630.1/WP_006930382.1/WP_006928555.1/WP_006929788.1/WP_006930799.1,WP_006927498.1,
Chrysiogenetes,Chrysiogenetes,Chrysiogenales,Chrysiogenaceae,Desulfurispirillum indicum S5,CS,A,A,WP_013505604.1/WP_013505876.1/WP_013506003.1,A,
Coprothermobacterota,Coprothermobacteria,Coprothermobacterales,Coprothermobacteraceae,Coprothermobacter proteolyticus DSM 5265,,A,A,ACI17699.2/WP_012544351.1/WP_012544222.1/WP_012544253.1/WP_012543539.1/WP_012544339.1,A,
Fibrobacteres,Fibrobacteria,Fibrobacterales,Fibrobacteraceae,Fibrobacter succinogenes subsp. succinogenes S85,FR,A,A,WP_014544880.1/WP_014546770.1/WP_014545734.1,A,
Thermodesulfobacteria,Thermodesulfobacteria,Thermodesulfobacteriales,Thermodesulfobacteriaceae,Caldimicrobium thiodismutans TF1,TB,A,A,BAU23029.1/BAU23045.1/BAU24130.1/BAU23252.1/BAU22856.1/BAU23735.1,A,
,Thermodesulfobacteria,Thermodesulfobacteriales,Thermodesulfobacteriaceae,Thermodesulfatator indicus DSM 15286,TB,A,A,WP_013907521.1/WP_013906914.1/WP_013908398.1,A,
,Thermodesulfobacteria,Thermodesulfobacteriales,Thermodesulfobacteriaceae,Thermodesulfobacterium commune DSM 2178,TB,A,A,WP_038059999.1,A,
,Thermodesulfobacteria,Thermodesulfobacteriales,Thermodesulfobacteriaceae,Thermodesulfobacterium geofontis OPF15,TB,A,A,WP_013909710.1/WP_013909168.1/WP_013910260.1/WP_013909998.1,A,
Chlamydiae,Chlamydiia,Chlamydiales,Chlamydiaceae,Chlamydia avium 10DC88,CH,A,A,WP_038500896.1/AHK63566.1/WP_038500849.1,A,
,Chlamydiia,Chlamydiales,Chlamydiaceae,Chlamydia caviae GPIC,CH,A,A,WP_011006885.1/WP_011006096.1,A,
,Chlamydiia,Chlamydiales,Chlamydiaceae,Chlamydia felis Fe/C-56,CH,A,A,A,A,
,Chlamydiia,Chlamydiales,Chlamydiaceae,Chlamydia gallinacea 08-1274/3,CH,A,A,A,A,
,Chlamydiia,Chlamydiales,Chlamydiaceae,Chlamydia muridarum str. Nigg,CH,A,A,AAF39017.1/WP_010229504.1/WP_010231545.1,A,
,Chlamydiia,Chlamydiales,Chlamydiaceae,Chlamydia pecorum E58,CH,A,A,A,A,
,Chlamydiia,Chlamydiales,Chlamydiaceae,Chlamydia pneumoniae CWL029,CH,A,A,WP_010883470.1/WP_010883255.1,A,
,Chlamydiia,Chlamydiales,Chlamydiaceae,Chlamydia psittaci 6BC,CH,A,A,WP_006343592.1/WP_006342798.1,A,
,Chlamydiia,Chlamydiales,Chlamydiaceae,Chlamydia suis SWA-2,CH,A,A,WP_035406793.1/WP_080133109.1/WP_080128487.1/WP_080124434.1/WP_080123100.1/WP_080121527.1/WP_080140886.1/WP_080125594.1/WP_080129087.1,A,
,Chlamydiia,Chlamydiales,Chlamydiaceae,Chlamydia trachomatis 434/Bu,CH,A,A,YP_001654890.1/YP_001654831.1/YP_001654925.1/YP_001654438.1/YP_001654218.1,A,
,Chlamydiia,Chlamydiales,Chlamydiaceae,Chlamydia trachomatis D/UW-3/CX,CH,A,A,NP_220072.1/NP_220013.1,A,
,Chlamydiia,Parachlamydiales,Parachlamydiaceae,Parachlamydia acanthamoebae UV-7,CH,A,A,WP_006342031.1/WP_013924837.1,WP_013925120.1,
,Chlamydiia,Parachlamydiales,Parachlamydiaceae,Candidatus Protochlamydia naegleriophila KNic,CH,A,A,CUI15656.1/CUI16995.1/CUI17205.1/CUI17791.1,A,
,Chlamydiia,Parachlamydiales,Simkaniaceae,Simkania negevensis Z,CH,A,A,WP_013944116.1/WP_013944122.1/WP_013944211.1/WP_013944128.1,A,
,Chlamydiia,Parachlamydiales,Waddliaceae,Waddlia chondrophila WSU 86-1044,CH,A,A,WP_013181799.1,A,
Kiritimatiellaeota,Kiritimatiellae,Kiritimatiellales, Kiritimatiellaceae,Kiritimatiella glycovorans L21-Fru-AB,,A,A,AKJ64541.1,A,
Spirochaetes,Spirochaetia,Spirochaetales,Brachyspiraceae,Brachyspira hyodysenteriae ATCC 27164,SP,A,A,WP_020064587.1/WP_012671149.1,WP_020063991.1,
,Spirochaetia,Spirochaetales,Brachyspiraceae,Brachyspira murdochii DSM 12563,SP,A,A,WP_013113761.1/WP_013113660.1/WP_013114153.1,A,
,Spirochaetia,Spirochaetales,Brachyspiraceae,Brachyspira pilosicoli P43/6/78,SP,A,A,AGA67383.1,WP_015274403.1,
,Spirochaetia,Leptospirales,Leptospiraceae,Leptospira alstonii GWTS #1,SP,A,A,WP_061248146.1/WP_020772600.1/WP_061249747.1/WP_020774415.1/WP_020772183.1/WP_061248212.1,A,
,Spirochaetia,Leptospirales,Leptospiraceae,Leptospira biflexa serovar Patoc strain 'Patoc 1 (Paris)',SP,A,A,ABZ97256.1/ABZ96430.1/ABZ99201.1,A,
,Spirochaetia,Spirochaetales,Leptospiraceae,Leptospira borgpetersenii serovar Hardjo-bovis str. L550,SP,A,A,WP_020780457.1/WP_011669135.1/WP_011670577.1,A,
,Spirochaetia,Spirochaetales,Leptospiraceae,Leptospira interrogans serovar Lai str. 56601,SP,A,A,WP_000031208.1/WP_000016790.1/WP_000572982.1/WP_001271667.1/WP_000958882.1/WP_000778115.1/,A,
,Spirochaetia,Spirochaetales,Leptospiraceae,Leptospira santarosai serovar Shermani str. LT 821,SP,A,A,WP_004460517.1/WP_004461780.1/WP_004458390.1,A,
,Spirochaetia,Spirochaetales,Leptospiraceae,Turneriella parva DSM 21527,SP,A,A,WP_014802244.1/WP_014803540.1/WP_014803994.1/WP_014801387.1/WP_014803735.1/WP_014802027.1/WP_083847860.1/AFM14274.1,WP_014804833.1,
,Spirochaetia,Spirochaetales,Borreliaceae,Borrelia anserina Es,SP,A,A,WP_025419396.1/WP_025419690.1,A,
,Spirochaetia,Spirochaetales,Borreliaceae,Borrelia duttonii Ly,SP,A,A,WP_041177685.1/ACH93133.1,A,
,Spirochaetia,Spirochaetales,Borreliaceae,Borrelia hermsii HS1,SP,A,A,WP_043924397.1,A,
,Spirochaetia,Spirochaetales,Borreliaceae,Borrelia mayonii MN14-1420,SP,A,A,APS99528.1/APS99816.1,A,
,Spirochaetia,Spirochaetales,Borreliaceae,Borrelia miyamotoi LB-2001,SP,A,A,AGT27173.1/WP_020954888.1,A,
,Spirochaetia,Spirochaetales,Borreliaceae,Borrelia turicatae 91E135,SP,A,A,AAX17515.1/WP_041178562.1/WP_011772460.1,A,
,Spirochaetia,Spirochaetales,Borreliaceae,Borreliella afzelii HLJ01,SP,A,A,WP_015055366.1/WP_015055607.1,A,
,Spirochaetia,Spirochaetales,Borreliaceae,Borreliella bissettii DN127,SP,A,A,WP_014023431.1/WP_014023963.1,A,
,Spirochaetia,Spirochaetales,Borreliaceae,Borreliella burgdorferi B31,SP,A,A,WP_002657592.1,A,
,Spirochaetia,Spirochaetales,Borreliaceae,Borreliella garinii CIP 103362,SP,A,A,EED29674.1/WP_014653423.1/WP_031507741.1/WP_031478205.1/WP_029357862.1/WP_029346767.1/WP_004791653.1/WP_015026682.1/WP_031530959.1/WP_014653706.1/WP_031538961.1/WP_031490496.1/WP_032985811.1/WP_029346492.1/WP_015026936.1/WP_029362412.1/WP_004793397.1/WP_004792685.1/WP_029347489.1/WP_004791226.1/WP_004791198.1,A,
,Spirochaetia,Spirochaetales,Borreliaceae,Borreliella valaisiana Tom4006,SP,A,A,WP_044006892.1/WP_006068241.1,A,
,Spirochaetia,Spirochaetales,Spirochaetaceae,Salinispira pacifica L21-RPul-D2,SP,A,A,AHC16219.1/AHC14041.1/AHC13695.1/AHC15802.1,A,
,Spirochaetia,Spirochaetales,Spirochaetaceae,Sediminispirochaeta smaragdinae DSM 11293,SP,A,A,WP_013254904.1/WP_013254963.1/WP_013256090.1/WP_013252858.1/WP_013255924.1/WP_013252730.1/WP_013253197.1/WP_013253450.1,A,
,Spirochaetia,Spirochaetales,Spirochaetaceae,Sphaerochaeta coccoides DSM 17374,SP,A,A,WP_013738902.1/WP_013740243.1,A,
,Spirochaetia,Spirochaetales,Spirochaetaceae,Sphaerochaeta globus str. Buddy,SP,A,A,ADY13634.1/ADY13642.1/ADY13710.1/ADY12938.1/ADY12264.1/ADY13710.1/ADY12264.1,A,
,Spirochaetia,Spirochaetales,Spirochaetaceae,Sphaerochaeta pleomorpha str. Grapes,SP,A,A,WP_014271673.1/WP_014270190.1/WP_014271028.1/WP_014271756.1/WP_014269731.1/WP_014269093.1,WP_014270826.1,
,Spirochaetia,Spirochaetales,Spirochaetaceae,Spirochaeta africana DSM 8902,SP,A,A,WP_014454429.1/WP_014455840.1,WP_014455738.1,
,Spirochaetia,Spirochaetales,Spirochaetaceae,Spirochaeta thermophila DSM 6192,SP,A,A,WP_013314324.1/WP_013314269.1/WP_041623791.1/ADN02718.1,A,
,Spirochaetia,Spirochaetales,Spirochaetaceae,Treponema azotonutricium ZAS-9,SP,A,A,WP_015710683.1,A,
,Spirochaetia,Spirochaetales,Spirochaetaceae,Treponema brennaborense DSM 12168,SP,A,A,A,A,
,Spirochaetia,Spirochaetales,Spirochaetaceae,Treponema caldarium DSM 7334,SP,A,A,WP_013969172.1/WP_013969401.1/WP_013968433.1/WP_013970098.1/WP_013969159.1/WP_013969512.1,A,
,Spirochaetia,Spirochaetales,Spirochaetaceae,Treponema denticola ATCC 35405,SP,A,A,WP_010957284.1/WP_010956681.1/WP_002682089.1,A,
,Spirochaetia,Spirochaetales,Spirochaetaceae,Treponema pallidum subsp. pallidum str. Sea 81-4,SP,A,A,A,A,
,Spirochaetia,Spirochaetales,Spirochaetaceae,Treponema pedis str. T A4,SP,A,A,WP_020965036.1/WP_024465193.1/WP_020964613.1,A,
,Spirochaetia,Spirochaetales,Spirochaetaceae,Treponema primitia ZAS-2,SP,A,A,WP_015707678.1/WP_015706482.1,A,
,Spirochaetia,Spirochaetales,Spirochaetaceae,Treponema putidum OMZ 758,SP,A,A,WP_044979685.1/WP_044977564.1,A,
,Spirochaetia,Spirochaetales,Spirochaetaceae,Treponema succinifaciens DSM 2489,SP,A,A,A,A,
