Exiguobacterium antarcticum B7
Exiguobacterium sibiricum 255-15
Exiguobacterium sp. AT1b 
Exiguobacterium sp. MH3
Exiguobacterium sp. ZWU0009
Exiguobacterium sp. U13-1
Gemella sp. oral taxon 928
Alicyclobacillus acidocaldarius subsp. acidocaldarius DSM 446
Kyrpidia tusciae DSM 2912
Amphibacillus xylanus NBRC 15112
Anoxybacillus amylolyticus DSM 15939
Anoxybacillus flavithermus WK1
Anoxybacillus gonensis G2
Anoxybacillus sp. B2M1
Anoxybacillus sp. B7M1
Bacillus amyloliquefaciens FZB42
Bacillus anthracis str. Ames
Bacillus atrophaeus 1942
Bacillus beveridgei MLTeJB
Bacillus bombysepticus str. Wang
Bacillus cellulosilyticus DSM 2522
Bacillus cereus AH187
Bacillus clausii KSM-K16
Bacillus coagulans 2-6
Bacillus cytotoxicus NVH 391-98
Bacillus endophyticus Hbe603
Bacillus gibsonii FJAT-10019
Bacillus glycinifermentans BGLY
Bacillus halodurans C-125
Bacillus infantis NRRL B-14911
Bacillus lehensis G1
Bacillus licheniformis DSM 13 =  ATCC 14580
Bacillus megaterium DSM 319
Bacillus methanolicus MGA3
Bacillus muralis
Bacillus oceanisediminis 2691
Bacillus paralicheniformis ATCC 9945a
Bacillus pseudofirmus OF4
Bacillus pumilus SAFR-032
Bacillus safensis
Bacillus selenitireducens MLS10
Bacillus simplex    (strain SH-B26)
Bacillus smithii DSM 4216
Bacillus sp. 1NLA3E
Bacillus sp. JS
Bacillus sp. X1(2014)
Bacillus sp. OxB-1
Bacillus sp. WP8
Bacillus sp. Pc3
Bacillus sp. BH072
Bacillus sp. YP1
Bacillus sp. LM 4-2
Bacillus sp. SDLI1
Bacillus sp. IHB B 7164
Bacillus sp. FJAT-14266
Bacillus sp. ABP14
Bacillus sp. H15-1
Bacillus sp. 275
Bacillus subtilis subsp. subtilis str. 168
Bacillus thuringiensis serovar konkukian str. 97-27
Bacillus toyonensis BCT-7112
Bacillus weihenstephanensis KBAB4
Bacillus xiamenensis VV3
Fictibacillus arsenicus G25-54
Geobacillus kaustophilus HTA426
Geobacillus sp. C56-T3
Geobacillus sp. GHH01
Geobacillus sp. JF8             (Geobacillus genomosp. 3)
Geobacillus sp. JS12
Geobacillus sp. WCH70 
Geobacillus sp. Y4.1MC1
Geobacillus sp. Y412MC52
Geobacillus sp. Y412MC61 
Geobacillus stearothermophilus 10
Geobacillus subterraneus
Geobacillus thermodenitrificans NG80-2
Geobacillus thermoglucosidasius C56-YS93
Geobacillus thermoleovorans CCB_US3_UF5
 Halobacillus halophilus DSM 2266
Lentibacillus amyloliquefaciens LAM0015
Lysinibacillus fusiformis RB-21
Lysinibacillus sphaericus C3-41
Lysinibacillus varians GY32
Oceanobacillus iheyensis HTE831
Salimicrobium jeotgali MJ3
Terribacillus aidingensis
Thermoproteus tenax Kra 1
Virgibacillus sp. SK37
Virgibacillus sp. 6R
Virgibacillus halodenitrificans PDB-F2
Listeria innocua Clip11262
Listeria ivanovii subsp. ivanovii PAM 55
Listeria monocytogenes serotype 4b str. LL195
Listeria seeligeri serovar 1/2b str. SLCC3954
Listeria welshimeri serovar 6b str. SLCC5334
Brevibacillus brevis NBRC 100599 
Brevibacillus laterosporus LMG 15441
Paenibacillus beijingensis DSM 24997
Paenibacillus borealis DSM 13188
Paenibacillus bovis 
Paenibacillus durus ATCC 35681
Paenibacillus graminis DSM 15220
Paenibacillus larvae subsp. larvae DSM 25430
Paenibacillus mucilaginosus KNP414
Paenibacillus naphthalenovorans 32O-Y
Paenibacillus odorifer DSM 15391
Paenibacillus peoriae HS311
Paenibacillus polymyxa SC2
Paenibacillus riograndensis SBR5
Paenibacillus sabinae T27
Paenibacillus stellifer DSM 14472
Paenibacillus swuensis DY6
Paenibacillus sp. JDR-2
Paenibacillus sp. Y412MC10 
Paenibacillus sp. IHBB 10380
Paenibacillus sp. FSL H7-0357
Paenibacillus sp. FSL H7-0737
Paenibacillus sp. FSL P4-0081
Paenibacillus sp. FSL R5-0345
Paenibacillus sp. FSL R5-0912
Paenibacillus sp. FSL R7-0273
Paenibacillus sp. FSL R7-0331
Paenibacillus sp. 32O-W
Paenibacillus sp. LPB0068
Paenibacillus sp. IHB B 3084
Paenibacillus terrae HPL-003
Paenibacillus xylanexedens PAMC 22703
Paenibacillus yonginensis
Aneurinibacillus sp. XH2
Thermobacillus composti KWC4
Jeotgalibacillus malaysiensis D5
Kurthia sp. 11kri321
Solibacillus silvestris StLB046
Planococcus antarcticus DSM 14505
Planococcus donghaensis DSM 22276
Planococcus faecalis AJ003
Planococcus halocryophilus DSM 24743
Planococcus kocurii ATCC 43650
Planococcus maritimus DSM 17275
Planococcus plakortidis DSM 23997
Planococcus rifietoensis M8
Planococcus sp. PAMC 21323
Planococcus sp. L10.15
Rummeliibacillus stabekisii
Sporosarcina psychrophila DSM 6497
Macrococcus caseolyticus JCSC5402 
Salinicoccus halodurans H3B36
Staphylococcaceae bacterium S31 = (Auricoccus indicus S31)
Staphylococcus agnetis 908
Staphylococcus argenteus MSHR1132
Staphylococcus aureus RF122
Staphylococcus capitis subsp. capitis AYP1020
Staphylococcus carnosus subsp. carnosus TM300 
Staphylococcus cohnii SNUDS-2
Staphylococcus condimenti DSM 11674
Staphylococcus epidermidis ATCC 12228
Staphylococcus equorum KS1039
Staphylococcus haemolyticus JCSC1435
Staphylococcus hyicus ATCC 11249
Staphylococcus lugdunensis HKU09-01
Staphylococcus pasteuri SP1
Staphylococcus pseudintermedius ED99
Staphylococcus saprophyticus subsp. saprophyticus ATCC15305
Staphylococcus schleiferi 1360-13
Staphylococcus simulans FDAARGOS_124
Staphylococcus succinus 14BME20
Staphylococcus xylosus HKUOPL8
Staphylococcus sp. AntiMn-1
Staphylococcus warneri SG1
Novibacillus thermophilus SG-1
Aerococcus christensenii CCUG 28831
Aerococcus urinae ACS-120-V-Col10a
Aerococcus sanguinicola CCUG43001
Aerococcus viridans
Carnobacterium inhibens subsp. gilichinskyi
Carnobacterium maltaromaticum LMA28
Carnobacterium sp. CP1
Carnobacterium sp. 17-4
Carnobacterium sp. WN1359
Jeotgalibaca sp. PTS2502
Jeotgalibaca dankookensis EX-07
Marinilactibacillus sp. 15R
Enterococcus casseliflavus EC20
Enterococcus durans KLDS 6.0930
Enterococcus faecalis V583
Enterococcus faecium Aus0004
Enterococcus gallinarum FDAARGOS_163
Enterococcus hirae ATCC 9790
Enterococcus mundtii QU 25
Enterococcus silesiacus LMG 23085
Melissococcus plutonius DAT561
Tetragenococcus halophilus NBRC 12172
Vagococcus penaei CD276
Vagococcus teuberi DSM 21459
Lactobacillus acetotolerans
Lactobacillus acidophilus 30SC
Lactobacillus amylovorus GRL1118
Lactobacillus backii TMW 1.1989
Lactobacillus brevis ATCC 367
Lactobacillus buchneri CD034
Lactobacillus crustorum MN047
Lactobacillus curieae CCTCC M 2011381
Lactobacillus curvatus FBA2
Lactobacillus delbrueckii subsp. bulgaricus ATCC BAA-365
Lactobacillus fermentum IFO 3956
Lactobacillus gallinarum HFD4
Lactobacillus gasseri ATCC 33323
Lactobacillus ginsenosidimutans EMML 3041
Lactobacillus heilongjiangensis DSM 28069
Lactobacillus helveticus DPC 4571
Lactobacillus hokkaidonensis JCM 18461
Lactobacillus jensenii
Lactobacillus johnsonii NCC 533
Lactobacillus kefiranofaciens ZW3
Lactobacillus koreensis 26-25
Lactobacillus kunkeei MP2
Lactobacillus lindneri TMW 1.481
Lactobacillus mucosae LM1
Lactobacillus parabuchneri FAM21731 
Lactobacillus paracasei ATCC 334
Lactobacillus paracollinoides TMW 1.1994 
Lactobacillus paraplantarum L-ZS9
Lactobacillus plantarum JDM1 
Lactobacillus reuteri JCM 1112
Lactobacillus rhamnosus GG 
Lactobacillus ruminis ATCC 27782
Lactobacillus sakei subsp. sakei 23K
Lactobacillus salivarius CECT 5713
Lactobacillus sanfranciscensis TMW 1.1304
Lactobacillus sp. wkB8
Lactobacillus sp. WiKim39
Pediococcus acidilactici BCC1
Pediococcus claussenii ATCC BAA-344
Pediococcus damnosus
Pediococcus pentosaceus ATCC 25745
Leuconostoc carnosum JB16
Leuconostoc citreum KM20
Leuconostoc gasicomitatum LMG 18811
Leuconostoc garlicum KFRI01
Leuconostoc gelidum JB7
Leuconostoc kimchii IMSNU 11154
Leuconostoc lactis WiKim40
Leuconostoc mesenteroides subsp. mesenteroides ATCC 8293
Leuconostoc sp. C2
Oenococcus oeni PSU-1
Oenococcus kitaharae DSM 17330               
Weissella ceti WS105
Weissella cibaria CH2
Weissella jogaejeotgali FOL01
Weissella koreensis KACC 15510 
Lactococcus garvieae ATCC 49156
Lactococcus lactis subsp. cremoris A76
Lactococcus piscium MKFS47
Streptococcus agalactiae 2603V/R
Streptococcus anginosus C238
Streptococcus constellatus subsp. pharyngis C232
Streptococcus dysgalactiae subsp. equisimilis GGS_124 
Streptococcus equi subsp. equi 4047 
Streptococcus gallolyticus subsp. gallolyticus ATCC 43143
Streptococcus gordonii str. Challis substr. CH1
Streptococcus halotolerans
Streptococcus himalayensis HTS2
Streptococcus infantarius subsp. infantarius CJ18
Streptococcus iniae SF1
Streptococcus intermedius B196
Streptococcus lutetiensis 033
Streptococcus macedonicus ACA-DC 198
Streptococcus marmotae HTS5
Streptococcus mitis B6
Streptococcus mutans UA159
Streptococcus oligofermentans AS 1.3089    (Streptococcus cristatus AS 1.3089)
Streptococcus oralis Uo5
Streptococcus pantholopis TA 26
Streptococcus parasanguinis ATCC 15912
Streptococcus parauberis KCTC 11537
Streptococcus pasteurianus ATCC 43144
Streptococcus pneumoniae 70585 
Streptococcus pseudopneumoniae IS7493
Streptococcus pyogenes MGAS315
Streptococcus salivarius 57.I
Streptococcus sanguinis SK36
Streptococcus sp. I-G2
Streptococcus sp. I-P16
Streptococcus sp. oral taxon 431
Streptococcus sp. A12
Streptococcus sp. VT 162
Streptococcus suis BM407 
Streptococcus thermophilus LMG 18311
Streptococcus uberis 0140J 
Anaerococcus prevotii DSM 20548 
Clostridiales genomosp. BVAB3 str. UPII9-5
Flavonifractor plautii ATCC 29863
Finegoldia magna ATCC 29328
Intestinimonas butyriciproducens AF211
Sulfobacillus acidophilus TPY
Symbiobacterium thermophilum IAM 14863
Thermaerobacter marianensis DSM 12885
Alkaliphilus metalliredigens QYMF
Alkaliphilus oremlandii OhILAs
Candidatus Arthromitus sp. SFB-mouse-Japan
Candidatus Arthromitus sp. SFB-mouse-Yit
Candidatus Arthromitus sp. SFB-rat-Yit
Candidatus Arthromitus sp. SFB-mouse-NL
Clostridium aceticum DSM 1496
Clostridium acetobutylicum ATCC 824
Clostridium acidurici 9a   (Gottschalkia acidurici 9a)
Clostridium autoethanogenum DSM 10061
Clostridium baratii str. Sullivan
Clostridium beijerinckii NCIMB 8052
Clostridium bornimense M2/40T
Clostridium botulinum A str. ATCC 19397
Clostridium butyricum TK520
Clostridium carboxidivorans P7
Clostridium cellulolyticum H10 
Clostridium cellulovorans 743B
Clostridium clariflavum DSM 19732
Clostridium difficile 630
Clostridium estertheticum subsp. estertheticum
Clostridium formicaceticum DSM 92
Clostridium kluyveri NBRC 12016 
Clostridium ljungdahlii DSM 13528
Clostridium novyi NT
Clostridium pasteurianum DSM 525 = ATCC 6013
Clostridium perfringens str. 13
Clostridium phytofermentans ISDg  (Lachnoclostridium phytofermentans ISDg)
Clostridium saccharobutylicum DSM 13864
Clostridium saccharolyticum WM1
Clostridium saccharoperbutylacetonicum N1-4
Clostridium scatologenes ATCC 25775
Clostridium sp. BNL1100
Clostridium sp. SY8519
Clostridium sporogenes NCIMB 10696
Clostridium taeniosporum 1/k
Clostridium tetani E88
Clostridium thermocellum DSM 1313
Geosporobacter ferrireducens IRF9
Clostridium tyrobutyricum W428
Acetobacterium woodii DSM 1030
Eubacterium eligens ATCC 27750
Eubacterium limosum KIST612
Eubacterium rectale ATCC 33656
Heliobacterium modesticaldum Ice1
Anaerostipes hadrus BPB5
Blautia sp. YL58
Butyrivibrio hungatei MB2003
Butyrivibrio proteoclasticus B316
Cellulosilyticum lentocellum DSM 5427
Lachnoclostridium sp. YL32
Lachnoclostridium phocaeense = Eubacterium sp. Marseille-P3177
Roseburia hominis A2-183
Oscillibacter valericigenes Sjm18-20
Candidatus Desulforudis audaxviator MP104C
Dehalobacter sp. CF
Dehalobacter sp. DCA
Dehalobacter restrictus DSM 9455
Desulfitobacterium dehalogenans ATCC 51507
Desulfitobacterium dichloroeliminans LMG P-21439
Desulfitobacterium hafniense DCB-2
Desulfitobacterium metallireducens DSM 15288
Desulfosporosinus acidiphilus SJ4
Desulfosporosinus meridiei DSM 13257
Desulfosporosinus orientis DSM 765
Desulfotomaculum acetoxidans DSM 771 
Desulfotomaculum carboxydivorans CO-1-SRB  (Desulfotomaculum nigrificans)
Desulfotomaculum ferrireducens GSS09
Desulfotomaculum gibsoniae DSM 7213
Desulfotomaculum kuznetsovii DSM 6115
Desulfotomaculum reducens MI-1
Desulfotomaculum ruminis DSM 2154
Pelotomaculum thermopropionicum SI
Syntrophobotulus glycolicus DSM 8271
Thermincola potens JR
Filifactor alocis ATCC 35896
Clostridium sticklandii DSM 519
Peptoclostridium acidaminophilum DSM 3953
Clostridium stercorarium subsp. stercorarium DSM 8532
Ethanoligenens harbinense YUAN-3
Mageeibacillus indolicus UPII9-5
Ruminiclostridium sp. KB18
Ruminiclostridium thermocellum ATCC 27405
Ruminococcus albus 7
Ruminococcus bicirculans
Syntrophomonas wolfei subsp. wolfei str. Goettingen
Syntrophothermus lipocalidus DSM 12680
Halanaerobium hydrogeniformans
Halanaerobium praevalens DSM 2228
Halothermothrix orenii H 168 
Acetohalobium arabaticum DSM 5501
Halobacteroides halobius DSM 5150
Natranaerobius thermophilus JW/NM-WN-LF
Caldicellulosiruptor bescii DSM 6725 
Caldicellulosiruptor hydrothermalis 108
Caldicellulosiruptor kristjanssonii 177R1B
Caldicellulosiruptor kronotskyensis 2002
Caldicellulosiruptor lactoaceticus 6A
Caldicellulosiruptor obsidiansis OB47
Caldicellulosiruptor owensensis OL
Caldicellulosiruptor saccharolyticus DSM 8903
Mahella australiensis 50-1 BON
Thermoanaerobacterium saccharolyticum JW/SL-YS485  (Thermoanaerobacterium aotearoense)
Thermoanaerobacterium thermosaccharolyticum DSM 571
Thermoanaerobacterium xylanolyticum LX-11
Thermosediminibacter oceani DSM 16646
Ammonifex degensii KC4 
Carboxydothermus hydrogenoformans Z-2901
Moorella thermoacetica ATCC 39073
Tepidanaerobacter acetatoxydans Re1
Thermacetogenium phaeum DSM 12270
Thermoanaerobacter brockii subsp. finnii Ako-1
Thermoanaerobacter italicus Ab9
Thermoanaerobacter kivui DSM 2030
Thermoanaerobacter mathranii subsp. mathranii str. A3
Thermoanaerobacter pseudethanolicus ATCC 33223
Thermoanaerobacter sp. X513
Thermoanaerobacter sp. X514
Thermoanaerobacter tengcongensis MB4  (Caldanaerobacter subterraneus subsp. tengcongensis MB4)
Thermoanaerobacter wiegelii Rt8.B1
Coprothermobacter proteolyticus DSM 5265
Thermodesulfobium narugense DSM 14796
Erysipelotrichaceae bacterium I46
Erysipelothrix larvae LV19
Erysipelothrix rhusiopathiae
Faecalibaculum rodentium Alo17
Turicibacter sp. H121
Limnochorda pilosa HC45
Acidaminococcus fermentans DSM 20731
Acidaminococcus intestini RyC-MR95
Selenomonas ruminantium subsp. lactilytica TAM6421
Selenomonas sp. oral taxon 478
Selenomonas sp. oral taxon 136
Selenomonas sp. oral taxon 920
Selenomonas sputigena ATCC 35185
Pelosinus sp. UFO1
Pelosinus fermentans JBW45
Dialister pneumosintes F0677
Megasphaera elsdenii 14-14
Negativicoccus massiliensis AT7
Veillonella parvula DSM 2008
Ezakiella massiliensis            (Ezakiella sp. Marseille-P2951)
Murdochiella sp. Marseille-P2341
Parvimonas micra KCOM 1535
Peptoniphilus sp. ING2-D1G
Candidatus Izimaplasma sp. HR1
Acholeplasma brassicae
Acholeplasma laidlawii PG-8A
Acholeplasma oculi
Acholeplasma palmae J233
Aster yellows witches'-broom phytoplasma AYWB
Candidatus Phytoplasma australiense
Candidatus Phytoplasma mali
Candidatus Phytoplasma solani 284/09
Onion yellows phytoplasma OY-M
Strawberry lethal yellows phytoplasma (CPA) str. NZSb11
Mesoplasma florum L1
Spiroplasma apis B31
Spiroplasma atrichopogonis
Spiroplasma cantharicola
Spiroplasma chrysopicola DF-1
Spiroplasma citri
Spiroplasma culicicola AES-1
Spiroplasma diminutum CUAS-1
Spiroplasma eriocheiris
Spiroplasma helicoides
Spiroplasma kunkelii CR2-3x
Spiroplasma litorale TN-1
Spiroplasma mirum ATCC 29335
Spiroplasma sabaudiense Ar-1343
Spiroplasma sp. TU-14
Spiroplasma sp. NBRC 100390
Spiroplasma syrphidicola EA-1
Spiroplasma taiwanense CT-1
Spiroplasma turonicum Tab4c
Candidatus Hepatoplasma crinochetorum Av
Candidatus Mycoplasma girerdii
Candidatus Mycoplasma haemolamae str. Purdue
Mycoplasma agalactiae PG2
Mycoplasma arginini
Mycoplasma arthritidis 158L3-1
Mycoplasma bovoculi M165/69
Mycoplasma bovis PG45
Mycoplasma californicum HAZ160_1
Mycoplasma canadense
Mycoplasma canis PG 14
Mycoplasma capricolum s
Mycoplasma conjunctivae HRC/581
Mycoplasma crocodyli MP145
Mycoplasma cynos C142
Mycoplasma dispar
Mycoplasma fermentans JER
Mycoplasma flocculare ATCC 27399
Mycoplasma gallinaceum
Mycoplasma gallisepticum str. F
Mycoplasma genitalium G37
Mycoplasma haemocanis str. Illinois
Mycoplasma haemofelis Ohio2
Mycoplasma hominis ATCC 23114
Mycoplasma hyopneumoniae J
Mycoplasma hyorhinis GDL-1
Mycoplasma leachii PG50
Mycoplasma mobile 163K
Mycoplasma mycoides subsp. mycoides SC str. PG1
Mycoplasma ovis str. Michigan
Mycoplasma parvum str. Indiana
Mycoplasma penetrans HF-2
Mycoplasma pneumoniae M129
Mycoplasma pullorum
Mycoplasma pulmonis UAB CTIP
Mycoplasma putrefaciens KS1
Mycoplasma sp. (ex Biomphalaria glabrata)
Mycoplasma suis KI3806
Mycoplasma synoviae 53
Mycoplasma yeatsii GM274B
Mycoplasma wenyonii str. Massachusetts
Ureaplasma parvum serovar 3 str. ATCC 700970
Ureaplasma urealyticum serovar 10 str. ATCC 33699
Actinobacteria bacterium IMCC26256
Acidimicrobium ferrooxidans DSM 10331 
Ilumatobacter coccineus YM16-304
Acidothermus cellulolyticus 11B
Actinomyces sp. oral taxon 414 F0588
Actinomyces sp. VUL4_3
Actinomyces sp. Marseille-P2985
Actinomyces meyeri
Actinomyces oris T14V
Actinomyces radicidentis CCUG 36733
Actinotignum schaalii
Arcanobacterium haemolyticum DSM 20595
Mobiluncus curtisii ATCC 43063
Trueperella pyogenes TP8
Bifidobacterium actinocoloniiforme DSM 22766
Bifidobacterium adolescentis ATCC 15703
Bifidobacterium angulatum DSM 20098 = JCM 7096
Bifidobacterium animalis subsp. lactis AD011
Bifidobacterium asteroides PRL2011
Bifidobacterium bifidum PRL2010
Bifidobacterium breve UCC2003
Bifidobacterium catenulatum DSM 16992 = JCM 1194 = LMG 11043
Bifidobacterium coryneforme LMG18911
Bifidobacterium dentium Bd1
Bifidobacterium indicum LMG 11587 = DSM 20214
Bifidobacterium kashiwanohense PV20-2
Bifidobacterium longum subsp. infantis ATCC 15697 = JCM 1222
Bifidobacterium pseudolongum PV8-2
Bifidobacterium scardovii JCM 12489 = DSM 13734
Bifidobacterium thermophilum RBL67
Gardnerella vaginalis ATCC 14019
Parascardovia denticolens DSM 10105 = JCM 12538
Scardovia inopinata JCM 12537
Catenulispora acidiphila DSM 44928 
Coriobacteriaceae bacterium 68-1-3
Lawsonella clevelandensis = Corynebacteriales bacterium X1036
[Brevibacterium] flavum ZL-1
Corynebacterium ammoniagenes DSM 20306
Corynebacterium aquilae DSM 44791
Corynebacterium argentoratense DSM 44202
Corynebacterium atypicum R2070
Corynebacterium aurimucosum ATCC 700975 
Corynebacterium callunae DSM 20147
Corynebacterium camporealensis DSM 44610
Corynebacterium casei LMG S-19264
Corynebacterium crudilactis
Corynebacterium deserti GIMN1.010
Corynebacterium diphtheriae 31A
Corynebacterium doosanense CAU 212 = DSM 45436
Corynebacterium efficiens YS-314
Corynebacterium epidermidicanis DSM 45586
Corynebacterium falsenii DSM 44353
Corynebacterium flavescens OJ8
Corynebacterium frankenforstense DSM 45800
Corynebacterium glutamicum R
Corynebacterium glyciniphilum AJ 3170
Corynebacterium halotolerans YIM 70093 = DSM 44683
Corynebacterium humireducens NBRC 106098 = DSM 45392
Corynebacterium imitans DSM 44264
Corynebacterium jeikeium K411
Corynebacterium kroppenstedtii DSM 44385 
Corynebacterium kutscheri DSM 20755
Corynebacterium lactis RW2-5
Corynebacterium marinum DSM 44953
Corynebacterium maris DSM 45190
Corynebacterium mustelae DSM 45274
Corynebacterium phocae M408/89/1                                       
Corynebacterium pseudotuberculosis 1/06-A
Corynebacterium resistens DSM 45100
Corynebacterium simulans Wattiau
Corynebacterium singulare IBS B52218
Corynebacterium sphenisci DSM 44792
Corynebacterium sp. ATCC 6931
Corynebacterium sp. NML98-0116
Corynebacterium stationis 622=DSM 20302
Corynebacterium terpenotabidum Y-11
Corynebacterium testudinoris DSM 44614
Corynebacterium ulcerans 809
Corynebacterium urealyticum DSM 7109
Corynebacterium ureicelerivorans IMMIB RIV-2301
Corynebacterium uterequi DSM 45634
Corynebacterium variabile DSM 44702
Corynebacterium vitaeruminis DSM 20294
Dietzia timorensis ID05-A0528
Gordonia sp. KTR9
Gordonia sp. QH-11
Gordonia bronchialis DSM 43247
Gordonia polyisoprenivorans VH2
Gordonia terrae 3612
Amycolicicoccus subflavus DQS3-9A1     (Hoyosella subflava DQS3-9A1)
Mycobacterium abscessus subsp. bolletii 50594
Mycobacterium africanum GM041182
Mycobacterium avium 104
Mycobacterium bovis BCG str. Tokyo 172 
Mycobacterium canettii CIPT 140010059
Mycobacterium chelonae CCUG 47445
Mycobacterium chimaera ZUERICH-2
Mycobacterium chubuense NBB4
Mycobacterium fortuitum CT6
Mycobacterium gilvum PYR-GCK
Mycobacterium goodii X7B
Mycobacterium haemophilum DSM 44634
Mycobacterium kansasii ATCC 12478
Mycobacterium immunogenum FLAC016
Mycobacterium indicus pranii MTCC 9506
Mycobacterium intracellulare MOTT-64
Mycobacterium leprae Br4923 
Mycobacterium liflandii 128FXT
Mycobacterium litorale F4
Mycobacterium marinum M
Mycobacterium microti 12
Mycobacterium neoaurum VKM Ac-1815D
Mycobacterium phlei CCUG 21000
Mycobacterium rhodesiae NBB3
Mycobacterium smegmatis str. MC2 155
Mycobacterium sp. JDM601  (Mycobacterium sinense JDM601)
Mycobacterium sp. JLS
Mycobacterium sp. KMS
Mycobacterium sp. MCS
Mycobacterium sp. MOTT36Y
Mycobacterium sp. EPa45
Mycobacterium sp. JS623
Mycobacterium sp. VKM Ac-1817D
Mycobacterium sp. NRRL B-3805
Mycobacterium sp. QIA-37
Mycobacterium sp. YC-RL4
Mycobacterium sp. djl-10
Mycobacterium sp. WY10
Mycobacterium tuberculosis KZN 1435 
Mycobacterium ulcerans Agy99
Mycobacterium vaccae 95051
Mycobacterium vanbaalenii PYR-1
Mycobacterium yongonense 05-1390
Nocardia brasiliensis ATCC 700358
Nocardia cyriacigeorgica GUH-2
Nocardia farcinica IFM 10152
Nocardia nova SH22a
Nocardia seriolae EM150506
Nocardia soli Y48
Rhodococcus aetherivorans IcdP1
Rhodococcus equi 103S
Rhodococcus erythropolis PR4 
Rhodococcus fascians D188
Rhodococcus jostii RHA1
Rhodococcus opacus B4 
Rhodococcus sp. p52
Rhodococcus sp. B7740
Rhodococcus sp. PBTS 2
Rhodococcus sp. PBTS 1
Rhodococcus sp. 008
Rhodococcus sp. WB1
Rhodococcus sp. WMMA185
Rhodococcus sp. 2G
Rhodococcus sp. YL-1
Rhodococcus sp. MTM3W5.2
Rhodococcus pyridinivorans SB3094
Segniliparus rotundus DSM 44985
Tsukamurella paurometabola DSM 20162
Frankia alni ACN14a
Frankia sp. CcI3             (Frankia casuarinae Ccl3)
Frankia sp. EAN1pec
Frankia sp. EuI1c          (Frankia inefficax)
Frankia symbiont of Datisca glomerata
Blastococcus saxobsidens DD2
Geodermatophilus obscurus DSM 43160
Modestobacter marinus BC501                                 
Stackebrandtia nassauensis DSM 44728
Kineococcus radiotolerans SRS30216
Tropheryma whipplei str. Twist
Beutenbergia cavernae DSM 12333 
Brevibacterium linens SMQ-1335
Cellulomonas gilvus ATCC 13127
Cellulomonas fimi ATCC 484
Cellulomonas flavigena DSM 20109
Brachybacterium faecium DSM 4810 
Brachybacterium sp. P6-10-X1
Dermabacter vaginalis AD1-86
Dermacoccus nishinomiyaensis M25
Devriesea agamarum
Kytococcus sedentarius DSM 20547 
Luteipulveratus mongoliensis MN07-A0370
Arsenicicoccus sp. oral taxon 190
Intrasporangium calvum DSM 43043
Janibacter terrae YFY001
Serinicoccus sp. JLT9
Jonesia denitrificans DSM 20603 
Agromyces aureus AR33
Candidatus Rhodoluna planktonica MWH-Dar1
Clavibacter michiganensis subsp. michiganensis NCPPB 382
Cryobacterium arcticum PAMC 27867
Curtobacterium sp. MR_MD2014
Curtobacterium sp. BH-2-1-1
Curtobacterium pusillum AA3
Frondihabitans sp. PAMC 28766
Leifsonia xyli subsp. xyli str. CTCB07
Microbacterium aurum KACC 15219
Microbacterium chocolatum SIT 101
Microbacterium paludicola CC3
Microbacterium testaceum StLB037
Microbacterium sp. No. 7
Microbacterium sp. CGR1
Microbacterium sp. XT11
Microbacterium sp. PAMC 28756
Microbacterium sp. BH-3-3-3
Microbacterium sp. 1.5R
Microterricola viridarii ERGS5:02
Rathayibacter toxicus WAC3373
Rathayibacter tritici NCPPB 1953
Rhodoluna lacicola MWH-Ta8
Arthrobacter alpinus ERGS4:06
Arthrobacter arilaitensis Re117     (Glutamicibacter arilaitensis Re117)
Arthrobacter aurescens TC1   (Paenarthrobacter aurescens TC1)
Arthrobacter chlorophenolicus A6     (Pseudarthrobacter chlorophenolicus A6)
Arthrobacter phenanthrenivorans Sphe3  (Pseudarthrobacter phenanthrenivorans Sphe3)
Arthrobacter sp. FB24
Arthrobacter sp. PAMC 25486
Arthrobacter sp. IHBB 11108
Arthrobacter sp. LS16
Arthrobacter sp. ATCC 21022
Arthrobacter sp. Rue61a
Arthrobacter sp. A3
Arthrobacter sp. ERGS1:01
Arthrobacter sp. YC-RL1
Arthrobacter sp. U41
Arthrobacter sp. ZXY-2
Arthrobacter sp. QXT-31
Arthrobacter sp. Hiyo8
Kocuria flava HO-9041
Kocuria palustris MU14/1
Kocuria rhizophila DC2201
Micrococcus luteus NCTC 2665 
Neomicrococcus aestuarii B18
Pseudarthrobacter sulfonivorans (Arthrobacter sulfonivorans Ar51)
Renibacterium salmoninarum ATCC 33209
Rothia dentocariosa ATCC 17931
Rothia mucilaginosa DY-18
Sinomonas atrocyanea KCTC 3377
Isoptericola dokdonensis DS-3
Isoptericola variabilis 225
Xylanimonas cellulosilytica DSM 15894 
Sanguibacter keddieii DSM 10542
Actinoplanes friuliensis DSM 7358
Actinoplanes missouriensis 431
Actinoplanes sp. N902-109
Actinoplanes sp. SE50/110
Micromonospora aurantiaca ATCC 27029
Micromonospora sp. L5
Salinispora arenicola CNS-205
Salinispora tropica CNB-440
Verrucosispora maris AB-18-032
Nakamurella multipartita DSM 44233 
Aeromicrobium erythreum AR18
Kribbella flavida DSM 17836
Nocardioides sp. JS614
Nocardioides dokdonensis FR1436
Pimelobacter simplex VKM Ac-2033D
Microlunatus phosphovorus NM-1
Propionibacterium acidipropionici ATCC 4875  (Acidipropionibacterium acidipropionici ATCC 4875)
Propionibacterium acnes KPA171202     (Cutibacterium acnes)
Propionibacterium avidum 44067   (Cutibacterium avidum 44067)
Propionibacterium freudenreichii subsp. shermanii CIRM-BIA1
Propionibacterium propionicum F0230a   (Pseudopropionibacterium propionicum F0230a)
Propionibacterium sp. oral taxon 193
Propionimicrobium sp. Marseille-P3275
Tessaracoccus sp. NSG39
Tessaracoccus sp. T2.5-30
Tessaracoccus flavescens SST-39T
Tessaracoccus flavus RP1T
Actinoalloteichus sp. ADI127-7
Actinoalloteichus sp. GBA129-24
Actinoalloteichus hymeniacidonis HPA177(T) (=DSM 45092(T))
Actinosynnema mirum DSM 43827 
Alloactinosynnema sp. L-07
Amycolatopsis japonica MG417-CF17
Amycolatopsis lurida NRRL 2430
Amycolatopsis mediterranei S699
Amycolatopsis orientalis HCCB10007
Kibdelosporangium phytohabitans KLBMP1111
Kutzneria albida DSM 43870
Lentzea guizhouensis DHS C013
Pseudonocardia dioxanivorans CB1190
Pseudonocardia sp. EC080619-01
Pseudonocardia sp. EC080625-04
Pseudonocardia sp. AL041005-10
Pseudonocardia sp. HH130629-09
Pseudonocardia sp. EC080610-09
Pseudonocardia sp. HH130630-07
Saccharomonospora viridis DSM 43017 
Saccharopolyspora erythraea NRRL 2338
Saccharothrix espanaensis DSM 44229
Thermobispora bispora DSM 43833
Kitasatospora setae KM-6054
Streptomyces albulus ZPM
Streptomyces albus J1074
Streptomyces ambofaciens ATCC 23877
Streptomyces autolyticus CGMCC0516
Streptomyces avermitilis MA-4680
Streptomyces bingchenggensis BCW-1
Streptomyces cattleya DSM 46488
Streptomyces clavuligerus F613-1
Streptomyces coelicolor A3(2)
Streptomyces collinus Tu 365
Streptomyces cyaneogriseus subsp. Noncyanogenus NMWT 1
Streptomyces flavogriseus ATCC 33331      (Streptomyces pratensis ATCC 33331)
Streptomyces fulvissimus DSM 40593 
Streptomyces glaucescens GLA.O
Streptomyces globisporus C-1027
Streptomyces griseochromogenes ATCC 14511
Streptomyces griseus subsp. griseus NBRC 13350
Streptomyces hygroscopicus subsp. jinggangensis TL01 
Streptomyces leeuwenhoekii C58
Streptomyces lincolnensis NRRL 2936
Streptomyces lividans TK24
Streptomyces lydicus 103
Streptomyces noursei ATCC 11455
Streptomyces pactum KLBMP 5084
Streptomyces parvulus 2297
Streptomyces pristinaespiralis HCCB 10218
Streptomyces puniciscabiei TW1S1
Streptomyces reticuli TUE45
Streptomyces rubrolavendulae MJM4426
Streptomyces sampsonii KJ40
Streptomyces scabiei 87.22
Streptomyces silaceus ACCC40021
Streptomyces sp. PAMC26508
Streptomyces sp. SirexAA-E
Streptomyces sp. CNQ-509
Streptomyces sp. S10(2016)
Streptomyces sp. SAT1
Streptomyces sp. Mg1
Streptomyces sp. CCM_MD2014
Streptomyces sp. 769
Streptomyces sp. A02
Streptomyces sp. CFMR 7
Streptomyces sp. FR-008
Streptomyces sp. CdTB01
Streptomyces sp. 4F
Streptomyces sp. RTd22
Streptomyces sp. Tue 6075
Streptomyces sp. TN58
Streptomyces sp. fd1-xmd
Streptomyces venezuelae ATCC 15439
Streptomyces vietnamensis GIM4.0001
Streptomyces violaceusniger Tu 4113
Streptomyces xiamenensis 318
Nocardiopsis alba ATCC BAA-2165
Nocardiopsis dassonvillei subsp. dassonvillei DSM 43111
Thermobifida fusca YX
Streptosporangium roseum DSM 43021
Thermomonospora curvata DSM 43183
Atopobium parvulum DSM 20469 
Olsenella sp. oral taxon 807
Olsenella sp. Marseille-P2300
Olsenella uli DSM 7084
Coriobacterium glomerans PW2
Adlercreutzia equolifaciens DSM 19450
Cryptobacterium curtum DSM 15641 
Denitrobacterium detoxificans
Eggerthella lenta DSM 2243 
Eggerthella sp. YY7918
Slackia heliotrinireducens DSM 20476
Rubrobacter radiotolerans RSPS-4
Rubrobacter xylanophilus DSM 9941
Conexibacter woesei DSM 14684
